franchise,name,role,alloc_mpg,a,expected_team_game_minutes,expected_gp,gp_lo,gp_hi,high_uncertainty,pid,key
ATL,Nickeil Alexander-Walker,starter,33.8,0.9072135463491178,30.663817866600176,72.0,62.0,79.0,True,1629638.0,1629638
ATL,Dyson Daniels,starter,35.2,0.866532502672046,30.50194409405602,69.0,60.0,77.0,True,1630700.0,1630700
ATL,Onyeka Okongwu,starter,32.2,0.8404999715320912,27.06409908333334,68.0,58.0,76.0,True,1630168.0,1630168
ATL,Jalen Johnson,starter,36.0,0.6819182503335618,24.549057012008223,62.0,50.0,74.0,True,1630552.0,1630552
ATL,CJ McCollum,starter,28.2,0.8301161211470051,23.40927461634554,65.0,54.0,75.0,True,203468.0,203468
ATL,Zaccharie Risacher,rotation,24.4,0.857245337159254,20.916786226685797,62.0,50.0,74.0,True,1642258.0,1642258
ATL,Aaron Wiggins,rotation,23.1,0.8410290368004112,19.4277707500895,63.0,50.0,74.0,True,1630598.0,1630598
ATL,Jock Landale,rotation,22.4,0.7104421858605013,15.913904963275229,63.0,50.0,74.0,True,1629111.0,1629111
ATL,Kingston Flemings,rotation,21.5,0.72,15.479999999999999,63.0,49.0,73.0,True,,name::ATL::kingston flemings
ATL,Mouhamed Gueye,rotation,17.8,0.573783272079296,10.21334224301147,61.0,48.0,73.0,True,1631243.0,1631243
ATL,Devin Carter,deep,20.9,0.35,7.314999999999999,50.0,33.0,68.0,True,1642269.0,1642269
ATL,Corey Kispert,deep,20.6,0.22400000000000003,4.614400000000001,42.0,24.0,60.0,True,1630557.0,1630557
ATL,Buddy Hield,deep,16.5,0.17920000000000003,2.9568000000000003,30.0,14.0,48.0,True,1627741.0,1627741
ATL,RayJ Dennis,deep,14.6,0.14336000000000002,2.0930560000000002,22.0,10.0,36.0,True,1642484.0,1642484
ATL,Asa Newell,deep,14.4,0.11468800000000003,1.6515072000000004,18.0,8.0,30.0,True,1642854.0,1642854
ATL,Zuby Ejiofor,deep,12.7,0.09175040000000002,1.1652300800000002,16.0,6.0,28.0,False,,name::ATL::zuby ejiofor
ATL,Keshon Gilbert,deep,20.7,0.05,1.035,14.0,5.0,25.0,True,1642933.0,1642933
ATL,Henri Veesaar,deep,12.7,0.08,1.016,15.0,6.0,26.0,True,,name::ATL::henri veesaar
BKN,Julius Randle,starter,35.8,0.8620306948301196,30.86069887491828,67.0,58.0,76.0,True,203944.0,203944
BKN,Mikel Brown Jr.,starter,32.4,0.85,27.54,68.0,58.0,76.0,True,,name::BKN::mikel brown jr.
BKN,Michael Porter Jr.,starter,36.1,0.7498783903516568,27.07060989169481,62.0,50.0,74.0,True,1629008.0,1629008
BKN,Terance Mann,rotation,27.8,0.8471549086357391,23.550906460073545,64.0,51.0,75.0,True,1629611.0,1629611
BKN,Keon Ellis,rotation,26.0,0.7706806736444782,20.037697514756434,67.0,56.0,76.0,True,1631165.0,1631165
BKN,Noah Clowney,rotation,30.6,0.6095890410958904,18.65342465753425,60.0,46.0,72.0,True,1641730.0,1641730
BKN,Egor Dёmin,starter,28.4,0.6341463414634146,18.009756097560974,57.0,44.0,70.0,True,1642856.0,1642856
BKN,Nolan Traoré,rotation,26.0,0.6829268292682927,17.75609756097561,58.0,43.0,72.0,True,1642849.0,1642849
BKN,Day'Ron Sharpe,starter,24.0,0.6650533742725189,15.961280982540453,62.0,51.0,74.0,True,1630549.0,1630549
BKN,Moritz Wagner,rotation,16.0,0.5806479912699004,9.290367860318407,49.0,32.0,66.0,True,1629021.0,1629021
BKN,Ben Saraf,deep,25.1,0.35,8.785,53.0,36.0,68.0,True,1642879.0,1642879
BKN,Danny Wolf,deep,24.6,0.27999999999999997,6.888,55.0,40.0,70.0,True,1642874.0,1642874
BKN,Drake Powell,deep,24.2,0.22400000000000003,5.420800000000001,46.0,29.0,63.0,True,1642962.0,1642962
BKN,Chaney Johnson,deep,23.8,0.17920000000000003,4.26496,28.0,13.0,44.0,True,1643052.0,1643052
BKN,Josh Minott,deep,21.1,0.14336000000000002,3.0248960000000005,23.0,11.0,37.0,True,1631169.0,1631169
BKN,Joshua Jefferson,deep,14.0,0.11468800000000003,1.6056320000000004,17.0,7.0,29.0,True,,name::BKN::joshua jefferson
BKN,Tyler Bilodeau,deep,14.0,0.09175040000000002,1.2845056000000004,16.0,7.0,28.0,True,,name::BKN::tyler bilodeau
BOS,Derrick White,starter,38.5,0.8957529245571602,34.48648759545067,70.0,60.0,78.0,True,1628401.0,1628401
BOS,Payton Pritchard,starter,37.0,0.920193251572182,34.047150308170735,73.0,64.0,80.0,True,1630202.0,1630202
BOS,Sam Hauser,rotation,30.2,0.8806234503782419,26.594828201422903,70.0,59.0,79.0,True,1630573.0,1630573
BOS,Jayson Tatum,starter,36.9,0.6829111497431729,25.19942142552308,61.0,49.0,73.0,True,1628369.0,1628369
BOS,Paul George,starter,32.7,0.6047819290266166,19.776369079170365,50.0,36.0,63.0,True,202331.0,202331
BOS,Neemias Queta,starter,30.7,0.6091911645063947,18.702168750346317,70.0,61.0,78.0,True,1629674.0,1629674
BOS,Hugo González,rotation,19.0,0.8902439024390244,16.914634146341463,66.0,54.0,76.0,True,1642864.0,1642864
BOS,Jordan Walsh,rotation,23.3,0.6059137988640161,14.117791513531575,65.0,54.0,75.0,True,1641775.0,1641775
BOS,Mike Conley,rotation,17.6,0.7811516869687775,13.748269690650485,53.0,36.0,70.0,True,201144.0,201144
BOS,Mitchell Robinson,rotation,24.6,0.557786297011553,13.721542906484204,56.0,41.0,70.0,True,1629011.0,1629011
BOS,Baylor Scheierman,deep,23.2,0.35,8.12,67.0,55.0,77.0,True,1631248.0,1631248
BOS,Luka Garza,deep,21.5,0.27999999999999997,6.02,62.0,49.0,74.0,True,1630568.0,1630568
BOS,Chris Cenac,deep,14.5,0.17920000000000003,2.5984000000000003,27.0,13.0,42.0,True,,name::BOS::chris cenac
BOS,Ron Harper Jr.,deep,15.6,0.16021203046613963,2.499307675271778,24.0,11.0,39.0,True,1631199.0,1631199
BOS,Dillon Mitchell,deep,14.5,0.14336000000000002,2.07872,22.0,11.0,35.0,True,,name::BOS::dillon mitchell
BOS,Amari Williams,deep,11.8,0.11468800000000003,1.3533184000000005,17.0,7.0,28.0,False,1642873.0,1642873
CHA,Kon Knueppel,starter,32.1,0.9878048780487805,31.708536585365856,72.0,63.0,79.0,True,1642851.0,1642851
CHA,Naz Reid,starter,27.9,0.9252781900329241,25.81526150191858,71.0,61.0,78.0,True,1629675.0,1629675
CHA,Sion James,rotation,23.6,1.0,23.6,69.0,58.0,78.0,True,1642883.0,1642883
CHA,Coby White,starter,28.1,0.8085894504427069,22.721363557440064,62.0,51.0,73.0,True,1629632.0,1629632
CHA,Brandon Miller,starter,32.2,0.6652188439692616,21.420046775810224,60.0,47.0,73.0,True,1641706.0,1641706
CHA,Grayson Allen,rotation,28.7,0.7447229370878986,21.37354829442269,58.0,43.0,72.0,True,1628960.0,1628960
CHA,Ryan Kalkbrenner,rotation,23.8,0.8414634146341463,20.026829268292683,62.0,49.0,74.0,True,1641750.0,1641750
CHA,Moussa Diabaté,starter,27.5,0.6496490231384746,17.86534813630805,69.0,59.0,77.0,True,1631217.0,1631217
CHA,Hannes Steinbach,rotation,21.3,0.72,15.336,62.0,49.0,74.0,True,,name::CHA::hannes steinbach
CHA,Grant Williams,rotation,21.3,0.6038956377810109,12.862977084735531,51.0,36.0,66.0,True,1629684.0,1629684
CHA,Royce O'Neale,deep,28.0,0.35,9.799999999999999,68.0,56.0,78.0,True,1626220.0,1626220
CHA,Tidjane Salaün,deep,18.1,0.22400000000000003,4.054400000000001,35.0,19.0,52.0,True,1642275.0,1642275
CHA,Dorian Finney-Smith,deep,17.6,0.17920000000000003,3.1539200000000007,28.0,14.0,43.0,True,1627827.0,1627827
CHA,Tre Mann,deep,15.6,0.14336000000000002,2.236416,22.0,10.0,35.0,True,1630544.0,1630544
CHA,PJ Hall,deep,14.7,0.11468800000000003,1.6859136000000003,17.0,7.0,28.0,True,1641790.0,1641790
CHA,Mouhamadou Gueye,deep,22.0,0.06048453101980684,1.3306596824357504,14.0,5.0,25.0,True,1631338.0,1631338
CHA,Liam McNeeley,deep,14.1,0.09175040000000002,1.2936806400000003,16.0,6.0,26.0,False,1642862.0,1642862
CHA,Michael Ajayi,deep,12.6,0.08,1.008,16.0,6.0,27.0,False,,name::CHA::michael ajayi
CHA,Christian Anderson,deep,12.6,0.08,1.008,16.0,6.0,27.0,True,,name::CHA::christian anderson
CHA,Kylan Boswell,deep,12.6,0.08,1.008,15.0,6.0,27.0,True,,name::CHA::kylan boswell
CHA,Pat Connaughton,deep,8.7,0.08,0.696,16.0,6.0,27.0,False,1626192.0,1626192
CHI,Matas Buzelis,starter,34.8,0.9469153515064563,32.95265423242468,72.0,63.0,79.0,True,1641824.0,1641824
CHI,Josh Giddey,starter,35.4,0.8005812593285142,28.340576580229403,62.0,50.0,74.0,True,1630581.0,1630581
CHI,Caleb Wilson,starter,30.3,0.85,25.755,68.0,58.0,77.0,True,,name::CHI::caleb wilson
CHI,Isaac Okoro,rotation,30.6,0.7844570708158616,24.004386366965367,61.0,48.0,73.0,True,1630171.0,1630171
CHI,Nic Claxton,starter,29.5,0.7919768837056008,23.363318069315223,66.0,55.0,76.0,True,1629651.0,1629651
CHI,Norman Powell,starter,30.1,0.7563765618446002,22.766934511522468,60.0,48.0,73.0,True,1626181.0,1626181
CHI,Tre Jones,rotation,28.3,0.7522189237497187,21.28779554211704,61.0,48.0,73.0,True,1630200.0,1630200
CHI,Jalen Smith,rotation,23.2,0.6999295654462121,16.23836591835212,60.0,46.0,72.0,True,1630188.0,1630188
CHI,Dailyn Swain,rotation,22.2,0.72,15.983999999999998,63.0,49.0,74.0,True,,name::CHI::dailyn swain
CHI,Patrick Williams,deep,24.0,0.35,8.399999999999999,61.0,47.0,73.0,True,1630172.0,1630172
CHI,Leonard Miller,rotation,18.2,0.3476445038422987,6.327129969929836,52.0,37.0,67.0,True,1631159.0,1631159
CHI,Zach Collins,deep,21.2,0.27999999999999997,5.935999999999999,54.0,38.0,69.0,True,1628380.0,1628380
CHI,Rob Dillingham,deep,18.2,0.22400000000000003,4.0768,45.0,28.0,63.0,True,1642265.0,1642265
CHI,Tobe Awaka,deep,13.1,0.17920000000000003,2.3475200000000003,28.0,13.0,42.0,True,,name::CHI::tobe awaka
CHI,Jaylin Sellers,deep,13.1,0.14336000000000002,1.8780160000000001,22.0,10.0,35.0,True,,name::CHI::jaylin sellers
CHI,Noa Essengue,deep,7.1,0.05,0.355,14.0,5.0,26.0,False,1642855.0,1642855
CLE,Donovan Mitchell,starter,38.5,0.8231361583582653,31.690742096793212,65.0,54.0,75.0,True,1628378.0,1628378
CLE,Evan Mobley,starter,38.5,0.8038378837279051,30.947758523524346,64.0,53.0,74.0,True,1630596.0,1630596
CLE,Jarrett Allen,starter,36.1,0.8372094770789112,30.223262122548697,65.0,54.0,75.0,True,1628386.0,1628386
CLE,Dennis Schröder,rotation,31.3,0.8798617662666027,27.539673284144666,66.0,54.0,76.0,True,203471.0,203471
CLE,Jaylon Tyson,starter,35.7,0.6972740315638452,24.892682926829274,65.0,54.0,75.0,True,1642281.0,1642281
CLE,Sam Merrill,starter,35.3,0.5809654371930104,20.508079932913265,62.0,51.0,74.0,True,1630241.0,1630241
CLE,Craig Porter Jr.,rotation,25.8,0.6877157812674017,17.743067156698967,65.0,52.0,75.0,True,1641854.0,1641854
CLE,Max Strus,rotation,31.0,0.5285680093664777,16.38560829036081,56.0,41.0,71.0,True,1629622.0,1629622
CLE,Thomas Bryant,rotation,18.5,0.6356555437001249,11.75962755845231,63.0,50.0,74.0,True,1628418.0,1628418
CLE,Nae'qwan Tomlin,rotation,23.6,0.4842180774748924,11.427546628407462,64.0,52.0,75.0,True,1641772.0,1641772
CLE,Tyrese Proctor,deep,17.7,0.35,6.194999999999999,59.0,45.0,73.0,True,1642878.0,1642878
CLE,Ernest Udeh,deep,16.1,0.27999999999999997,4.508,41.0,24.0,58.0,True,,name::CLE::ernest udeh
CLE,Meleek Thomas,deep,16.1,0.22400000000000003,3.6064000000000007,33.0,16.0,50.0,True,,name::CLE::meleek thomas
CLE,Tristan Enaruna,deep,15.5,0.10975609756097561,1.701219512195122,17.0,7.0,30.0,True,1642400.0,1642400
CLE,Riley Minix,deep,12.4,0.06958393113342898,0.8628407460545193,14.0,5.0,25.0,False,1642434.0,1642434
DAL,Cooper Flagg,starter,38.5,0.8536585365853658,32.86585365853659,67.0,57.0,76.0,True,1642843.0,1642843
DAL,Max Christie,starter,32.7,0.8593540870268551,28.100878645778163,71.0,61.0,78.0,True,1631108.0,1631108
DAL,Naji Marshall,rotation,32.8,0.8325794270800986,27.30860520822723,65.0,54.0,76.0,True,1630230.0,1630230
DAL,P.J. Washington,starter,33.2,0.7696019782824555,25.550785678977523,60.0,47.0,72.0,True,1629023.0,1629023
DAL,Santi Aldama,rotation,31.5,0.6692619248863868,21.081750633921185,56.0,40.0,70.0,True,1630583.0,1630583
DAL,Kyrie Irving,starter,32.0,0.6374853725704993,20.399531922255978,56.0,42.0,69.0,True,202681.0,202681
DAL,Daniel Gafford,starter,24.6,0.7649883737321639,18.818713993811233,61.0,49.0,72.0,True,1629655.0,1629655
DAL,Klay Thompson,rotation,21.2,0.8414733591596427,17.839235214184423,62.0,49.0,74.0,True,202691.0,202691
DAL,Morez Johnson,rotation,23.2,0.72,16.704,62.0,49.0,73.0,True,,name::DAL::morez johnson
DAL,Ryan Nembhard,deep,22.6,0.35,7.91,59.0,44.0,72.0,True,1642948.0,1642948
DAL,Dereck Lively II,rotation,19.4,0.32937966365965027,6.389965474997215,42.0,26.0,58.0,True,1641726.0,1641726
DAL,Caleb Martin,deep,18.6,0.22400000000000003,4.166400000000001,37.0,20.0,54.0,True,1628997.0,1628997
DAL,John Poulakidas,deep,22.4,0.15853658536585366,3.5512195121951216,24.0,10.0,39.0,True,1642967.0,1642967
DAL,Marcus Sasser,deep,16.7,0.17920000000000003,2.99264,30.0,15.0,44.0,True,1631204.0,1631204
DAL,Tyler Smith,deep,16.6,0.14336000000000002,2.3797760000000006,22.0,10.0,34.0,True,1641890.0,1641890
DAL,Toibu Lawal,deep,13.7,0.11468800000000003,1.5712256000000002,18.0,7.0,30.0,True,,name::DAL::toibu lawal
DAL,Vsevolod Ishchenko,deep,13.7,0.09175040000000002,1.2569804800000002,16.0,7.0,29.0,True,,name::DAL::vsevolod ishchenko
DAL,Sergio De Larrea,deep,13.7,0.08,1.0959999999999999,15.0,6.0,27.0,False,,name::DAL::sergio de larrea
DEN,Nikola Jokić,starter,38.5,0.8729525904627359,33.60867473281533,66.0,56.0,75.0,True,203999.0,203999
DEN,Jamal Murray,starter,38.5,0.8306973739429112,31.98184889680208,66.0,56.0,76.0,True,1627750.0,1627750
DEN,Christian Braun,starter,38.5,0.7970304179946655,30.68567109279462,63.0,51.0,74.0,True,1631128.0,1631128
DEN,Cameron Johnson,starter,36.0,0.6862153359174602,24.703752093028566,58.0,45.0,71.0,True,1629661.0,1629661
DEN,Aaron Gordon,starter,34.3,0.6803657618137219,23.336545630210658,55.0,42.0,68.0,True,203932.0,203932
DEN,Trevon Brazile,rotation,26.0,0.72,18.72,62.0,49.0,74.0,True,,name::DEN::trevon brazile
DEN,Tyus Jones,rotation,19.9,0.8865644649483585,17.64263285247233,64.0,52.0,74.0,True,1626145.0,1626145
DEN,Marvin Bagley III,rotation,28.3,0.5721309827794685,16.191306812658958,59.0,46.0,72.0,True,1628963.0,1628963
DEN,Julian Strawther,rotation,20.9,0.7072057021940081,14.78059917585477,62.0,48.0,74.0,True,1631124.0,1631124
DEN,Zeke Nnaji,rotation,18.0,0.6491015317591995,11.68382757166559,62.0,49.0,74.0,True,1630192.0,1630192
DEN,KJ Simpson,deep,19.7,0.32424677187948353,6.387661406025825,42.0,25.0,59.0,True,1642354.0,1642354
DEN,Alpha Diallo,deep,15.4,0.27999999999999997,4.311999999999999,41.0,24.0,59.0,True,,name::DEN::alpha diallo
DEN,Bryce Hopkins,deep,15.4,0.22400000000000003,3.4496000000000007,34.0,18.0,50.0,True,,name::DEN::bryce hopkins
DEN,DaRon Holmes,deep,13.9,0.17920000000000003,2.49088,27.0,13.0,42.0,True,1641747.0,1641747
DET,Cade Cunningham,starter,38.4,0.7145760863733552,27.43972171673684,63.0,51.0,74.0,True,1630595.0,1630595
DET,Duncan Robinson,starter,30.6,0.8523691500413741,26.08249599126605,69.0,59.0,77.0,True,1629130.0,1629130
DET,Ausar Thompson,starter,30.5,0.8028176857111038,24.485939414188664,66.0,55.0,75.0,True,1641709.0,1641709
DET,Ron Holland,starter,24.6,0.9591104734576757,23.594117647058823,73.0,64.0,80.0,True,1641842.0,1641842
DET,Kevin Huerter,rotation,26.6,0.8533020595652787,22.697834784436417,64.0,51.0,75.0,True,1628989.0,1628989
DET,John Collins,starter,30.4,0.7430353263696641,22.588273921637786,62.0,51.0,74.0,True,1628381.0,1628381
DET,Isaiah Joe,rotation,25.2,0.8564415964439273,21.582328230386967,67.0,55.0,77.0,True,1630198.0,1630198
DET,Ebuka Okorie,rotation,23.4,0.72,16.848,63.0,50.0,74.0,True,,name::DET::ebuka okorie
DET,Daniss Jenkins,rotation,25.5,0.5394548063127691,13.756097560975611,66.0,54.0,75.0,True,1642450.0,1642450
DET,Paul Reed,rotation,18.4,0.7193902794208957,13.23678114134448,64.0,51.0,75.0,True,1630194.0,1630194
DET,Taurean Prince,deep,25.8,0.35,9.03,59.0,44.0,73.0,True,1627752.0,1627752
DET,Elijah Harkless,deep,24.5,0.23672883787661408,5.799856527977045,36.0,19.0,54.0,True,1641989.0,1641989
DET,Javonte Green,deep,20.6,0.22400000000000003,4.614400000000001,49.0,33.0,66.0,True,1629750.0,1629750
DET,Gary Harris,deep,16.5,0.17920000000000003,2.9568000000000003,28.0,13.0,43.0,True,203914.0,203914
DET,Ugonna Onyenso,deep,13.8,0.14336000000000002,1.9783680000000003,22.0,10.0,36.0,True,,name::DET::ugonna onyenso
DET,Tolu Smith,deep,13.1,0.11262553802008608,1.4753945480631276,17.0,7.0,29.0,False,1642449.0,1642449
DET,Chaz Lanier,deep,12.0,0.09175040000000002,1.1010048000000003,16.0,7.0,28.0,False,1642404.0,1642404
DET,Isaac Jones,deep,9.7,0.08,0.7759999999999999,15.0,6.0,27.0,False,1642403.0,1642403
GSW,Brandin Podziemski,starter,37.0,0.9080075732264171,33.59628020937743,70.0,60.0,78.0,True,1641764.0,1641764
GSW,Moses Moody,rotation,35.2,0.7851841867558629,27.638483373806377,63.0,51.0,74.0,True,1630541.0,1630541
GSW,Stephen Curry,starter,35.0,0.7129249830896687,24.952374408138404,59.0,47.0,72.0,True,201939.0,201939
GSW,Will Richard,rotation,28.4,0.8292682926829268,23.551219512195118,66.0,54.0,76.0,True,1642954.0,1642954
GSW,Jimmy Butler,starter,35.3,0.6497391328035746,22.935791387966184,53.0,40.0,66.0,True,202710.0,202710
GSW,Yaxel Lendeborg,rotation,27.2,0.72,19.584,62.0,50.0,74.0,True,,name::GSW::yaxel lendeborg
GSW,Gui Santos,starter,29.0,0.6597059806214501,19.131473438022056,68.0,58.0,76.0,True,1630611.0,1630611
GSW,Kristaps Porziņģis,rotation,31.5,0.5652310834003277,17.804779127110322,50.0,34.0,66.0,True,204001.0,204001
GSW,De'Anthony Melton,rotation,31.6,0.5371802774154473,16.974896766328136,55.0,39.0,69.0,True,1629001.0,1629001
GSW,Al Horford,starter,24.0,0.6970134318706842,16.72832236489642,55.0,42.0,68.0,True,201143.0,201143
GSW,Charles Bassey,deep,18.9,0.27999999999999997,5.291999999999999,48.0,31.0,64.0,True,1629646.0,1629646
GSW,LJ Cryer,deep,24.1,0.21951219512195122,5.290243902439025,36.0,19.0,53.0,True,1643018.0,1643018
GSW,Malevy Leons,deep,17.6,0.20946915351506457,3.6866571018651366,34.0,17.0,52.0,True,1642502.0,1642502
GSW,Lajae Jones,deep,16.0,0.17920000000000003,2.8672000000000004,27.0,13.0,42.0,True,,name::GSW::lajae jones
HOU,Amen Thompson,starter,38.5,0.8780487804878049,33.80487804878049,69.0,60.0,77.0,True,1641708.0,1641708
HOU,Alperen Şengün,starter,38.1,0.8751515210150479,33.343272950673324,68.0,57.0,77.0,True,1630578.0,1630578
HOU,Kevin Durant,starter,35.4,0.8103330713054991,28.68579072421467,67.0,56.0,76.0,True,201142.0,201142
HOU,Fred VanVleet,starter,33.2,0.794211556808669,26.36782368604781,63.0,52.0,74.0,True,1627832.0,1627832
HOU,Reed Sheppard,rotation,30.8,0.8421807747489239,25.939167862266856,70.0,59.0,79.0,True,1642263.0,1642263
HOU,Tari Eason,rotation,30.5,0.6682811281330342,20.382574408057543,59.0,45.0,72.0,True,1631106.0,1631106
HOU,Marcus Smart,rotation,30.2,0.6204772934400801,18.73841426189042,57.0,43.0,71.0,True,203935.0,203935
HOU,Clint Capela,rotation,15.4,0.82378038786132,12.686217973064329,55.0,41.0,70.0,True,203991.0,203991
HOU,Bogdan Bogdanović,rotation,20.7,0.6126724952873079,12.682320652447274,51.0,34.0,67.0,True,203992.0,203992
HOU,Steven Adams,deep,28.6,0.35,10.01,53.0,36.0,69.0,True,203500.0,203500
HOU,Jabari Smith Jr.,starter,24.0,0.38813241730595227,9.315178015342855,65.0,54.0,75.0,True,2074.0,2074
HOU,Bruce Thornton,deep,14.0,0.22400000000000003,3.1360000000000006,33.0,16.0,51.0,True,,name::HOU::bruce thornton
HOU,Quadir Copeland,deep,14.0,0.17920000000000003,2.5088000000000004,27.0,13.0,42.0,True,,name::HOU::quadir copeland
HOU,JD Davison,deep,11.7,0.14336000000000002,1.6773120000000001,21.0,9.0,36.0,True,1631120.0,1631120
HOU,Tristen Newton,deep,15.2,0.05,0.76,14.0,5.0,24.0,True,1641803.0,1641803
IND,Pascal Siakam,starter,32.0,0.86319295842967,27.62217466974944,66.0,54.0,75.0,True,1627783.0,1627783
IND,Tyrese Haliburton,starter,31.4,0.8411196051540007,26.411155601835624,66.0,56.0,76.0,True,1630169.0,1630169
IND,Ivica Zubac,starter,31.7,0.8066566541322957,25.571015935993774,62.0,50.0,73.0,True,1627826.0,1627826
IND,Andrew Nembhard,starter,31.5,0.7777579848439621,24.499376522584807,61.0,49.0,73.0,True,1629614.0,1629614
IND,Kelly Oubre Jr.,starter,33.5,0.7236107348904479,24.240959618830004,58.0,44.0,71.0,True,1626162.0,1626162
IND,Jarace Walker,rotation,26.7,0.800033411293017,21.360892081523552,69.0,57.0,78.0,True,1641716.0,1641716
IND,Aaron Nesmith,rotation,29.7,0.6594162943778196,19.58466394302124,54.0,39.0,69.0,True,1630174.0,1630174
IND,Jay Huff,rotation,22.8,0.6090542766702054,13.886437508080684,70.0,59.0,79.0,True,1630643.0,1630643
IND,Obi Toppin,rotation,19.2,0.7132594978551963,13.694582358819767,59.0,46.0,73.0,True,1630167.0,1630167
IND,T.J. McConnell,rotation,16.8,0.8120198922570122,13.641934189917805,57.0,42.0,70.0,True,204456.0,204456
IND,Ben Sheppard,deep,23.5,0.35,8.225,60.0,46.0,74.0,True,1641767.0,1641767
IND,Ethan Thompson,deep,22.7,0.27999999999999997,6.355999999999999,43.0,27.0,60.0,True,1630679.0,1630679
IND,Johnny Furphy,deep,20.4,0.22400000000000003,4.5696,39.0,22.0,56.0,True,1642277.0,1642277
IND,Quenton Jackson,deep,20.4,0.17920000000000003,3.6556800000000003,30.0,15.0,45.0,True,1631245.0,1631245
IND,Kobe Brown,deep,18.1,0.14336000000000002,2.5948160000000007,23.0,10.0,37.0,True,1641738.0,1641738
IND,Taelon Peter,deep,15.4,0.11468800000000003,1.7661952000000005,17.0,7.0,29.0,True,1643007.0,1643007
IND,Larry Nance Jr.,deep,13.7,0.09175040000000002,1.2569804800000002,16.0,7.0,28.0,True,1626204.0,1626204
IND,Braden Smith,deep,13.1,0.08,1.048,15.0,6.0,28.0,True,,name::IND::braden smith
LAC,Keaton Wagler,starter,34.7,0.85,29.495,68.0,58.0,76.0,True,,name::LAC::keaton wagler
LAC,Darius Garland,starter,36.1,0.7330391920745082,26.462714833889745,60.0,47.0,72.0,True,1629636.0,1629636
LAC,Brandon Ingram,starter,38.5,0.6812567629099308,26.228385372032335,64.0,52.0,74.0,True,1627742.0,1627742
LAC,Rui Hachimura,rotation,33.5,0.7657227466591565,25.65171201308174,62.0,47.0,74.0,True,1629060.0,1629060
LAC,Derrick Jones Jr.,starter,33.2,0.7609212975758702,25.262587079518894,63.0,51.0,74.0,True,1627884.0,1627884
LAC,Kris Dunn,rotation,31.3,0.731898351962401,22.908418416423153,68.0,57.0,77.0,True,1627739.0,1627739
LAC,Brook Lopez,starter,24.0,0.8855397317746201,21.252953562590882,68.0,58.0,77.0,True,201572.0,201572
LAC,Gradey Dick,rotation,19.5,0.7974161933400155,15.549615770130302,61.0,47.0,73.0,True,1641711.0,1641711
LAC,Jordan Miller,rotation,27.7,0.5001670564650852,13.85462746408286,61.0,48.0,72.0,True,1641757.0,1641757
LAC,Isaiah Jackson,rotation,21.4,0.5118366695368659,10.953304728088929,60.0,46.0,72.0,True,1630543.0,1630543
LAC,Kobe Sanders,deep,26.2,0.35,9.17,66.0,53.0,76.0,True,1642920.0,1642920
LAC,Yanic Konan Niederhäuser,deep,15.5,0.27999999999999997,4.34,50.0,33.0,67.0,True,1642949.0,1642949
LAC,Baba Miller,deep,15.1,0.22400000000000003,3.3824000000000005,34.0,17.0,50.0,True,,name::LAC::baba miller
LAC,Nick Martinelli,deep,15.1,0.17920000000000003,2.7059200000000003,27.0,13.0,42.0,True,,name::LAC::nick martinelli
LAC,Cam Christie,deep,13.9,0.14336000000000002,1.9927040000000003,22.0,10.0,37.0,True,1642353.0,1642353
LAC,Sean Pedulla,deep,9.6,0.08536585365853659,0.8195121951219513,16.0,6.0,28.0,False,1642951.0,1642951
LAL,Austin Reaves,starter,37.9,0.7926510548641964,30.041474979353044,62.0,51.0,74.0,True,1630559.0,1630559
LAL,Luka Dončić,starter,38.5,0.7739794914965631,29.79821042261768,62.0,50.0,73.0,True,1629029.0,1629029
LAL,Quentin Grimes,starter,33.4,0.825313530424259,27.56547191617025,68.0,58.0,77.0,True,1629656.0,1629656
LAL,Jake LaRavia,starter,29.3,0.7575852406767257,22.197247551828063,70.0,60.0,78.0,True,1631222.0,1631222
LAL,Collin Sexton,rotation,27.9,0.7637894961396604,21.309726942296525,63.0,49.0,74.0,True,1629012.0,1629012
LAL,Sandro Mamukelashvili,rotation,25.6,0.7447116065405364,19.06461712743773,72.0,61.0,80.0,True,1630572.0,1630572
LAL,Ziaire Williams,rotation,27.4,0.6730134497713662,18.440568523735433,59.0,44.0,72.0,True,1630533.0,1630533
LAL,Cameron Carr,rotation,24.0,0.72,17.28,62.0,49.0,74.0,True,,name::LAL::cameron carr
LAL,Walker Kessler,starter,34.5,0.49272529440651686,16.99902265702483,60.0,47.0,72.0,True,1631117.0,1631117
LAL,Jarred Vanderbilt,rotation,21.7,0.6389957785534183,13.866208394609176,60.0,46.0,73.0,True,1629020.0,1629020
LAL,Jaden Hardy,deep,20.0,0.35,7.0,61.0,48.0,74.0,True,1630702.0,1630702
LAL,Kevon Looney,deep,18.2,0.27999999999999997,5.095999999999999,56.0,41.0,71.0,True,1626172.0,1626172
LAL,Dalton Knecht,deep,15.2,0.22400000000000003,3.4048000000000003,43.0,26.0,60.0,True,1642261.0,1642261
LAL,AK Okereke,deep,14.2,0.17920000000000003,2.5446400000000002,27.0,13.0,42.0,True,,name::LAL::ak okereke
LAL,Peter Suder,deep,14.2,0.14336000000000002,2.035712,22.0,10.0,35.0,True,,name::LAL::peter suder
LAL,Bronny James,deep,13.5,0.11468800000000003,1.5482880000000003,18.0,8.0,31.0,True,1642355.0,1642355
LAL,Chris Mañon,deep,10.6,0.09175040000000002,0.9725542400000002,16.0,7.0,28.0,False,1643024.0,1643024
LAL,Adou Thiero,deep,10.2,0.08,0.816,16.0,6.0,28.0,False,1642876.0,1642876
MEM,Cameron Boozer,starter,34.7,0.85,29.495,68.0,58.0,77.0,True,,name::MEM::cameron boozer
MEM,Jaylen Wells,starter,32.4,0.8916786226685796,28.890387374461977,68.0,58.0,76.0,True,1642377.0,1642377
MEM,Jerami Grant,rotation,34.6,0.6955197284072528,24.06498260289095,56.0,40.0,71.0,True,203924.0,203924
MEM,Cedric Coward,starter,31.4,0.7560975609756098,23.741463414634147,62.0,51.0,73.0,True,1642907.0,1642907
MEM,Isaiah Stewart,rotation,29.7,0.7370664356392537,21.890873138485833,60.0,45.0,73.0,True,1630191.0,1630191
MEM,Cam Spencer,rotation,29.5,0.6420373027259685,18.94010043041607,66.0,54.0,76.0,True,1642285.0,1642285
MEM,Zach Edey,starter,33.3,0.4103299856527977,13.663988522238162,58.0,45.0,71.0,True,1641744.0,1641744
MEM,Ty Jerome,starter,28.5,0.4084913188812131,11.642002588114574,60.0,47.0,72.0,True,1629660.0,1629660
MEM,Taylor Hendricks,rotation,25.2,0.44938189107918475,11.324423655195455,58.0,43.0,72.0,True,1641707.0,1641707
MEM,Kris Murray,deep,30.4,0.35,10.639999999999999,62.0,48.0,73.0,True,1631200.0,1631200
MEM,Scotty Pippen Jr.,rotation,25.6,0.3738360952500168,9.570204038400432,60.0,47.0,73.0,True,1630590.0,1630590
MEM,Jahmai Mashack,deep,27.3,0.27999999999999997,7.643999999999999,47.0,30.0,64.0,True,1642942.0,1642942
MEM,GG Jackson II,deep,26.8,0.22400000000000003,6.003200000000001,41.0,23.0,58.0,True,1641713.0,1641713
MEM,Walter Clayton,deep,26.0,0.17920000000000003,4.6592,34.0,17.0,50.0,True,1642383.0,1642383
MEM,Javon Small,deep,25.5,0.14336000000000002,3.6556800000000003,23.0,10.0,37.0,True,1642914.0,1642914
MEM,Kentavious Caldwell-Pope,deep,25.2,0.11468800000000003,2.8901376000000005,17.0,8.0,29.0,True,203484.0,203484
MEM,Quinten Post,deep,24.3,0.09175040000000002,2.2295347200000006,16.0,6.0,27.0,True,1642366.0,1642366
MEM,Olivier-Maxence Prosper,deep,23.7,0.08,1.896,16.0,6.0,27.0,True,1641765.0,1641765
MEM,D'Angelo Russell,deep,23.5,0.08,1.8800000000000001,16.0,6.0,27.0,True,1626156.0,1626156
MEM,Carson Cooper,deep,15.0,0.08,1.2,15.0,6.0,27.0,False,,name::MEM::carson cooper
MEM,Karim López,deep,15.0,0.08,1.2,16.0,6.0,27.0,False,,name::MEM::karim lópez
MEM,Richie Saunders,deep,15.0,0.08,1.2,15.0,6.0,27.0,False,,name::MEM::richie saunders
MEM,AJ Johnson,deep,14.0,0.08,1.12,15.0,6.0,27.0,False,1642358.0,1642358
MEM,Taj Gibson,deep,6.7,0.08,0.536,16.0,6.0,27.0,False,201959.0,201959
MIA,Bam Adebayo,starter,36.5,0.8975151830615702,32.75930418174731,69.0,58.0,77.0,True,1628389.0,1628389
MIA,Davion MItchell,starter,33.2,0.8915424623847047,29.5992097511722,68.0,60.0,77.0,True,1630558.0,1630558
MIA,Andrew Wiggins,starter,33.6,0.7954778394580676,26.72805540579107,63.0,52.0,74.0,True,203952.0,203952
MIA,Tim Hardaway Jr.,rotation,27.5,0.9094443059678219,25.009718414115103,69.0,58.0,78.0,True,203501.0,203501
MIA,Pelle Larsson,starter,31.8,0.7855093256814921,24.97919655667145,67.0,57.0,76.0,True,1641796.0,1641796
MIA,Giannis Antetokounmpo,starter,34.2,0.7222788786756819,24.70193765070832,58.0,44.0,71.0,True,203507.0,203507
MIA,Bobby Portis,rotation,26.8,0.8118723516328997,21.758179023761713,62.0,49.0,74.0,True,1626171.0,1626171
MIA,Nate Ament,rotation,23.5,0.72,16.919999999999998,63.0,50.0,73.0,True,,name::MIA::nate ament
MIA,Nikola Jović,rotation,21.8,0.5145975561611122,11.218226724312247,50.0,35.0,66.0,True,1631107.0,1631107
MIA,Dru Smith,rotation,20.9,0.4301994164829133,8.991167804492887,62.0,49.0,74.0,True,1630696.0,1630696
MIA,Simone Fontecchio,deep,20.5,0.35,7.175,64.0,52.0,75.0,True,1631323.0,1631323
MIA,Ryan Conwell,deep,13.9,0.27999999999999997,3.892,42.0,25.0,59.0,True,,name::MIA::ryan conwell
MIA,Tre Donaldson,deep,13.9,0.22400000000000003,3.1136000000000004,33.0,16.0,51.0,True,,name::MIA::tre donaldson
MIA,Myron Gardner,deep,13.4,0.17920000000000003,2.4012800000000003,28.0,14.0,44.0,True,1642066.0,1642066
MIA,Vladislav Goldin,deep,7.0,0.10975609756097561,0.7682926829268293,17.0,7.0,30.0,False,1642884.0,1642884
MIL,Jaime Jaquez Jr.,rotation,32.0,0.8822808776032965,28.23298808330549,67.0,55.0,76.0,True,1631170.0,1631170
MIL,Myles Turner,starter,30.3,0.8321901965682075,25.215362956016687,66.0,56.0,76.0,True,1626167.0,1626167
MIL,Kevin Porter Jr.,starter,37.3,0.6527415612077068,24.34726023304746,58.0,44.0,71.0,True,1629645.0,1629645
MIL,Kyle Kuzma,rotation,27.8,0.8314084259503449,23.11315424141959,62.0,50.0,74.0,True,1628398.0,1628398
MIL,Kel'el Ware,starter,26.2,0.8737446197991392,22.892109038737445,69.0,58.0,77.0,True,1642276.0,1642276
MIL,Tyler Herro,starter,34.2,0.6552861653443011,22.410786854775097,56.0,42.0,69.0,True,1629639.0,1629639
MIL,Ryan Rollins,starter,35.6,0.5954859272240571,21.199299009176436,69.0,59.0,77.0,True,1631157.0,1631157
MIL,Caris LeVert,rotation,21.9,0.7591360920817577,16.625080416590492,58.0,42.0,72.0,True,1627747.0,1627747
MIL,Brayden Burries,rotation,22.7,0.72,16.343999999999998,62.0,49.0,74.0,True,,name::MIL::brayden burries
MIL,A.J. Green,deep,33.1,0.35,11.584999999999999,68.0,56.0,78.0,True,1631260.0,1631260
MIL,Gary Trent Jr.,rotation,10.0,0.7497965908812854,7.497965908812853,35.0,20.0,50.0,True,718.0,718
MIL,Ousmane Dieng,deep,22.8,0.22400000000000003,5.107200000000001,42.0,25.0,59.0,True,1631172.0,1631172
MIL,Jericho Sims,deep,22.5,0.17920000000000003,4.032000000000001,32.0,16.0,49.0,True,1630579.0,1630579
MIL,Cormac Ryan,deep,27.6,0.13414634146341464,3.7024390243902445,20.0,9.0,34.0,True,1642504.0,1642504
MIL,Kasparas Jakučionis,deep,22.4,0.14336000000000002,3.2112640000000003,23.0,11.0,36.0,True,1642857.0,1642857
MIL,Kam Jones,deep,19.0,0.11468800000000003,2.1790720000000006,17.0,8.0,29.0,True,1642880.0,1642880
MIL,Rafael Castro,deep,13.4,0.09175040000000002,1.2294553600000004,16.0,6.0,28.0,True,,name::MIL::rafael castro
MIL,Malique Lewis,deep,13.4,0.08,1.072,15.0,6.0,27.0,False,,name::MIL::malique lewis
MIN,Anthony Edwards,starter,38.5,0.8836624416183473,34.02100400230637,66.0,56.0,76.0,True,1630162.0,1630162
MIN,Jaden McDaniels,starter,36.9,0.9214561074679504,34.00173036556737,70.0,60.0,78.0,True,1630183.0,1630183
MIN,Donte DiVincenzo,rotation,35.1,0.8696468849916535,30.52460566320704,68.0,57.0,77.0,True,1628978.0,1628978
MIN,Rudy Gobert,starter,33.5,0.9011239261937967,30.18765152749219,69.0,59.0,77.0,True,203497.0,203497
MIN,Ayo Dosunmu,starter,31.9,0.8084194429761182,25.78858023093817,64.0,52.0,74.0,True,1630245.0,1630245
MIN,LaMelo Ball,starter,33.7,0.6474076341044213,21.817637269318997,61.0,49.0,73.0,True,1630163.0,1630163
MIN,Josh Green,rotation,21.2,0.7327970466261924,15.535297388475279,58.0,44.0,71.0,True,1630182.0,1630182
MIN,Bones Hyland,rotation,21.0,0.6195099523206837,13.009708998734359,64.0,51.0,75.0,True,1630538.0,1630538
MIN,Terrence Shannon Jr.,rotation,17.2,0.46915351506456243,8.069440459110474,54.0,38.0,70.0,True,1630545.0,1630545
MIN,Trey Lyles,deep,19.7,0.35,6.895,60.0,46.0,73.0,True,1626168.0,1626168
MIN,Joan Beringer,rotation,12.6,0.4878048780487805,6.146341463414634,47.0,29.0,64.0,True,1642866.0,1642866
MIN,Jaylen Clark,deep,18.1,0.27999999999999997,5.068,59.0,46.0,73.0,True,1641740.0,1641740
MIN,Trey Kaufman-Renn,deep,14.4,0.22400000000000003,3.2256000000000005,34.0,18.0,51.0,True,,name::MIN::trey kaufman-renn
MIN,Isaiah Evans,deep,14.4,0.17920000000000003,2.5804800000000006,27.0,12.0,43.0,True,,name::MIN::isaiah evans
MIN,Enrique Freeman,deep,13.2,0.13414634146341461,1.7707317073170727,20.0,9.0,33.0,True,1642402.0,1642402
MIN,Rocco Zikarsky,deep,11.5,0.06097560975609756,0.7012195121951219,14.0,5.0,26.0,False,1642911.0,1642911
MIN,Zyon Pullin,deep,12.8,0.0509325681492109,0.6519368723098995,14.0,5.0,25.0,True,1642389.0,1642389
NOP,Saddiq Bey,rotation,32.8,0.885594381941401,29.04749572767795,65.0,52.0,75.0,True,1630180.0,1630180
NOP,Jeremiah Fears,rotation,27.7,1.0,27.7,71.0,60.0,79.0,True,1642847.0,1642847
NOP,Trey Murphy III,starter,36.2,0.7624880273991158,27.602066591847993,62.0,50.0,73.0,True,1630530.0,1630530
NOP,Derik Queen,rotation,27.1,0.9878048780487805,26.76951219512195,70.0,59.0,79.0,True,1642852.0,1642852
NOP,Yves Missi,starter,24.0,0.8400286944045913,20.16068866571019,65.0,53.0,75.0,True,1642274.0,1642274
NOP,Herbert Jones,starter,30.0,0.6555751861744936,19.66725558523481,58.0,45.0,71.0,True,1630529.0,1630529
NOP,Zion Williamson,starter,31.9,0.6165120994227656,19.666735971586224,58.0,45.0,72.0,True,1629627.0,1629627
NOP,Jordan Poole,rotation,25.6,0.7523098430766767,19.259131982762923,58.0,43.0,71.0,True,1629673.0,1629673
NOP,DeJounte Murray,starter,29.2,0.5566285940739899,16.253554946960506,53.0,40.0,65.0,True,1627749.0,1627749
NOP,Karlo Matković,rotation,17.8,0.6556671449067433,11.670875179340031,55.0,39.0,70.0,True,1631255.0,1631255
NOP,Bryce McGowens,deep,23.6,0.35,8.26,51.0,34.0,68.0,True,1631121.0,1631121
NOP,Micah Peavy,deep,17.9,0.27999999999999997,5.011999999999999,55.0,38.0,70.0,True,1642877.0,1642877
NOP,Jordan Hawkins,deep,16.4,0.22400000000000003,3.6736000000000004,37.0,20.0,54.0,True,1641722.0,1641722
NOP,Deandre Jordan,deep,15.4,0.17920000000000003,2.7596800000000004,28.0,14.0,44.0,True,201599.0,201599
NOP,Jaron Pierre,deep,12.7,0.14336000000000002,1.820672,22.0,10.0,36.0,True,,name::NOP::jaron pierre
NOP,Hunter Dickinson,deep,11.2,0.06097560975609756,0.6829268292682926,15.0,5.0,26.0,False,1630621.0,1630621
NYK,Mikal Bridges,starter,33.2,0.9993605442070279,33.17877006767333,73.0,65.0,80.0,True,1628969.0,1628969
NYK,Jalen Brunson,starter,36.0,0.8755323247791158,31.519163692048167,67.0,56.0,76.0,True,1628973.0,1628973
NYK,OG Anunoby,starter,35.6,0.7833279714115481,27.886475782251114,63.0,51.0,74.0,True,1628384.0,1628384
NYK,Josh Hart,starter,30.6,0.8613291353007073,26.356671540201646,66.0,56.0,75.0,True,1628404.0,1628404
NYK,Karl-Anthony Towns,starter,31.5,0.8007257682953391,25.222861701303184,66.0,56.0,75.0,True,1626157.0,1626157
NYK,Miles McBride,rotation,27.7,0.6592784688439723,18.262013586978032,57.0,41.0,72.0,True,1630540.0,1630540
NYK,Jose Alvarado,rotation,23.3,0.7469519231361224,17.40397980907165,60.0,46.0,73.0,True,1630631.0,1630631
NYK,Andre Drummond,rotation,21.8,0.7629829140000229,16.6330275252005,60.0,47.0,73.0,True,203083.0,203083
NYK,Landry Shamet,rotation,24.5,0.6369576868112258,15.605463326875032,55.0,40.0,70.0,True,1629013.0,1629013
NYK,Mohamed Diawara,rotation,13.0,0.8292682926829268,10.780487804878048,59.0,45.0,73.0,True,1642885.0,1642885
NYK,Jordan Clarkson,deep,18.0,0.35,6.3,53.0,36.0,69.0,True,203903.0,203903
NYK,Tyler Kolek,deep,15.1,0.27999999999999997,4.228,56.0,40.0,71.0,True,1642278.0,1642278
NYK,Tyler Nickel,deep,13.3,0.22400000000000003,2.9792000000000005,33.0,16.0,50.0,True,,name::NYK::tyler nickel
NYK,Jack Kayil,deep,13.3,0.17920000000000003,2.3833600000000006,27.0,13.0,42.0,True,,name::NYK::jack kayil
NYK,Pacôme Dadiet,deep,8.5,0.14336000000000002,1.21856,20.0,9.0,34.0,True,1642359.0,1642359
OKC,Shai Gilgeous-Alexander,starter,37.9,0.848183329144683,32.14614817458348,67.0,57.0,76.0,True,1628983.0,1628983
OKC,Cason Wallace,rotation,32.5,0.9148568882949103,29.732848869584586,68.0,56.0,77.0,True,1641717.0,1641717
OKC,Luguentz Dort,starter,31.3,0.8394615469210774,26.275146418629724,66.0,56.0,76.0,True,1629652.0,1629652
OKC,Chet Holmgren,starter,34.4,0.7327096558636819,25.205212161710655,64.0,52.0,74.0,True,1631096.0,1631096
OKC,Jalen Williams,starter,33.5,0.6851270545867717,22.951756328656852,58.0,45.0,72.0,True,1631114.0,1631114
OKC,Isaiah Hartenstein,starter,28.2,0.7092800444492713,20.001697253469448,60.0,47.0,72.0,True,1628392.0,1628392
OKC,Ajay Mitchell,rotation,31.2,0.5824964131994261,18.173888091822096,56.0,41.0,70.0,True,1642349.0,1642349
OKC,Jaylin Williams,rotation,24.7,0.7078611113785832,17.484169451051006,63.0,49.0,74.0,True,1631119.0,1631119
OKC,Alex Caruso,rotation,21.3,0.7040957192973603,14.997238821033774,56.0,42.0,70.0,True,1627936.0,1627936
OKC,Jared McCain,rotation,22.3,0.5961262553802009,13.29361549497848,59.0,46.0,73.0,True,1642272.0,1642272
OKC,Kenrich Williams,deep,19.4,0.27999999999999997,5.431999999999999,56.0,41.0,70.0,True,1629026.0,1629026
OKC,Aday Mara,deep,14.4,0.22400000000000003,3.2256000000000005,33.0,17.0,50.0,True,,name::OKC::aday mara
OKC,Thomas Sorber,deep,14.4,0.17920000000000003,2.5804800000000006,27.0,13.0,43.0,True,,name::OKC::thomas sorber
OKC,Nikola Topić,deep,19.8,0.12195121951219512,2.4146341463414633,18.0,8.0,30.0,True,1642260.0,1642260
OKC,Otega Oweh,deep,14.4,0.14336000000000002,2.0643840000000004,22.0,10.0,35.0,True,,name::OKC::otega oweh
OKC,Bennett Stirtz,deep,14.4,0.11468800000000003,1.6515072000000004,18.0,8.0,29.0,True,,name::OKC::bennett stirtz
OKC,Josh Dix,deep,14.4,0.09175040000000002,1.3212057600000005,16.0,6.0,29.0,True,,name::OKC::josh dix
OKC,Brooks Barnhizer,deep,13.4,0.08,1.072,16.0,6.0,28.0,True,1642964.0,1642964
ORL,Desmond Bane,starter,34.6,0.8383390273413943,29.006530346012244,67.0,57.0,76.0,True,1630217.0,1630217
ORL,Paolo Banchero,starter,35.8,0.8092977574071042,28.972859715174327,65.0,53.0,75.0,True,1631094.0,1631094
ORL,Anthony Black,rotation,31.5,0.8404053903552734,26.472769796191113,64.0,51.0,75.0,True,1641710.0,1641710
ORL,Wendell Carter Jr.,starter,31.4,0.8050460531105472,25.278446067671183,66.0,56.0,76.0,True,1628976.0,1628976
ORL,Tristan da Silva,rotation,27.3,0.9167862266857963,25.02826398852224,68.0,57.0,77.0,True,1641783.0,1641783
ORL,Nikola Vučević,rotation,28.2,0.8765874459685251,24.71976597631241,64.0,51.0,75.0,True,202696.0,202696
ORL,Franz Wagner,starter,31.7,0.696623748538881,22.082972828682525,56.0,43.0,69.0,True,1630532.0,1630532
ORL,Jalen Suggs,starter,29.3,0.6519160119299438,19.101139149547354,58.0,44.0,71.0,True,1630591.0,1630591
ORL,Jase Richardson,rotation,14.1,0.6585365853658537,9.285365853658536,53.0,38.0,69.0,True,1642859.0,1642859
ORL,Jonathan Isaac,rotation,13.2,0.6388127552718773,8.43232836958878,51.0,35.0,67.0,True,1628371.0,1628371
ORL,Goga Bitadze,deep,19.4,0.35,6.789999999999999,60.0,46.0,72.0,True,1629048.0,1629048
ORL,Jevon Carter,deep,18.8,0.27999999999999997,5.263999999999999,55.0,40.0,70.0,True,1628975.0,1628975
ORL,Noah Penda,deep,15.7,0.22400000000000003,3.5168000000000004,43.0,26.0,60.0,True,1642869.0,1642869
ORL,Jamal Cain,deep,15.3,0.17920000000000003,2.7417600000000006,27.0,13.0,42.0,True,1631288.0,1631288
ORL,Izaiyah Nelson,deep,13.1,0.14336000000000002,1.8780160000000001,22.0,10.0,35.0,True,,name::ORL::izaiyah nelson
ORL,Colin Castleton,deep,9.9,0.09175040000000002,0.9083289600000003,16.0,6.0,28.0,False,1630658.0,1630658
ORL,Alex Morales,deep,10.3,0.05,0.515,14.0,5.0,25.0,False,1631457.0,1631457
PHI,VJ Edgecombe,starter,38.4,0.9146341463414634,35.1219512195122,70.0,60.0,77.0,True,1642845.0,1642845
PHI,Jaylen Brown,starter,38.5,0.8311220507223581,31.99819895281079,66.0,55.0,75.0,True,1627759.0,1627759
PHI,Tyrese Maxey,starter,38.5,0.7943509512563938,30.58251162337116,64.0,52.0,74.0,True,1630178.0,1630178
PHI,Anfernee Simons,rotation,32.3,0.7193332982577495,23.234465533725306,58.0,44.0,72.0,True,1629014.0,1629014
PHI,Joel Embiid,starter,38.0,0.5145447527219075,19.552700603432484,46.0,33.0,60.0,True,203954.0,203954
PHI,Dean Wade,rotation,29.2,0.6668441877045124,19.47185028097176,59.0,45.0,72.0,True,1629731.0,1629731
PHI,Adem Bona,rotation,23.6,0.8005738880918221,18.893543758967002,66.0,55.0,76.0,True,1641737.0,1641737
PHI,Dominick Barlow,starter,31.7,0.582221986846793,18.45643698304334,66.0,56.0,76.0,True,1631230.0,1631230
PHI,Justin Edwards,rotation,21.6,0.6728837876614061,14.534289813486373,58.0,45.0,71.0,True,1642348.0,1642348
PHI,Caleb Love,deep,27.2,0.35,9.52,57.0,42.0,71.0,True,1631126.0,1631126
PHI,Rayan Rupert,deep,22.9,0.27999999999999997,6.411999999999999,60.0,45.0,73.0,True,1641712.0,1641712
PHI,Dalen Terry,deep,18.5,0.22400000000000003,4.144000000000001,48.0,31.0,64.0,True,1631207.0,1631207
PHI,Jabari Walker,deep,17.7,0.17920000000000003,3.1718400000000004,33.0,15.0,50.0,True,1631133.0,1631133
PHI,Ariel Hukporti,deep,15.4,0.14336000000000002,2.2077440000000004,23.0,11.0,37.0,True,1630574.0,1630574
PHI,LaBaron Philon,deep,15.4,0.11468800000000003,1.7661952000000005,17.0,7.0,30.0,True,,name::PHI::labaron philon
PHI,Johni Broome,deep,10.3,0.09175040000000002,0.9450291200000003,16.0,7.0,27.0,False,1641780.0,1641780
PHX,Miles Bridges,starter,33.0,0.8864974777118606,29.2544167644914,68.0,58.0,76.0,True,1628970.0,1628970
PHX,Devin Booker,starter,35.1,0.8235871510831893,28.907909003019945,64.0,53.0,75.0,True,1626164.0,1626164
PHX,Dillon Brooks,starter,31.9,0.7836587606887278,24.998714465970416,63.0,51.0,73.0,True,1628415.0,1628415
PHX,Oso Ighodaro,rotation,25.3,0.8945480631276901,22.63206599713056,69.0,58.0,78.0,True,1642345.0,1642345
PHX,Jalen Green,starter,29.6,0.756997616913712,22.407129460645876,62.0,51.0,74.0,True,1630224.0,1630224
PHX,Collin Gillespie,rotation,31.3,0.6451720681590377,20.19388573337788,68.0,57.0,78.0,True,1631221.0,1631221
PHX,Ryan Dunn,rotation,22.8,0.8737446197991392,19.921377331420373,65.0,52.0,75.0,True,1642346.0,1642346
PHX,Luke Kennard,rotation,23.0,0.7832586447219227,18.014948828604222,63.0,49.0,74.0,True,1628379.0,1628379
PHX,Jordan Goodwin,rotation,25.4,0.6156190659216463,15.636724274409815,61.0,47.0,74.0,True,1630692.0,1630692
PHX,Mark Williams,starter,27.0,0.5578028559598663,15.06067711091639,56.0,42.0,70.0,True,1631109.0,1631109
PHX,Pat Spencer,deep,21.0,0.35,7.35,62.0,49.0,74.0,True,1630311.0,1630311
PHX,Jamaree Bouyea,deep,18.2,0.2678064186879532,4.874076820120748,45.0,28.0,62.0,True,1631123.0,1631123
PHX,Rasheer Fleming,deep,15.7,0.22400000000000003,3.5168000000000004,41.0,24.0,59.0,True,1642853.0,1642853
PHX,Haywood Highsmith,deep,15.6,0.17920000000000003,2.7955200000000002,29.0,14.0,44.0,True,1629312.0,1629312
PHX,Koa Peat,deep,13.1,0.14336000000000002,1.8780160000000001,22.0,10.0,35.0,True,,name::PHX::koa peat
PHX,Khaman Maluach,deep,11.9,0.09175040000000002,1.0918297600000002,16.0,6.0,28.0,True,1642863.0,1642863
PHX,Koby Brea,deep,10.5,0.08,0.84,16.0,6.0,27.0,False,1642886.0,1642886
PHX,CJ Huntley,deep,13.1,0.05,0.655,14.0,5.0,25.0,False,1643047.0,1643047
POR,Toumani Camara,rotation,36.9,0.9516649961020158,35.11643835616438,70.0,58.0,79.0,True,1641739.0,1641739
POR,Deni Avdija,starter,37.1,0.8681964161125003,32.21008703777376,66.0,56.0,76.0,True,1630166.0,1630166
POR,Donovan Clingan,starter,31.1,0.8959827833572452,27.86506456241033,70.0,61.0,78.0,True,1642270.0,1642270
POR,Shaedon Sharpe,rotation,35.1,0.6909766689455287,24.253281079988056,57.0,42.0,71.0,True,1631101.0,1631101
POR,Damian Lillard,starter,30.5,0.7638935007182817,23.29875177190759,61.0,49.0,73.0,True,203081.0,203081
POR,Jrue Holiday,starter,28.5,0.7599246343611891,21.65785207929389,60.0,47.0,72.0,True,201950.0,201950
POR,Scoot Henderson,rotation,27.7,0.5934959349593496,16.439837398373985,54.0,40.0,69.0,True,1630703.0,1630703
POR,Ja Morant,starter,31.6,0.46075084778607045,14.559726790039827,47.0,34.0,61.0,True,1629630.0,1629630
POR,Sidy Cissoko,rotation,23.2,0.5417084307829381,12.567635594164162,67.0,55.0,76.0,True,1631321.0,1631321
POR,Robert Williams,rotation,21.1,0.4631463451853718,9.772387883411346,55.0,40.0,70.0,True,1629057.0,1629057
POR,Vít Krejčí,deep,25.3,0.35,8.855,59.0,44.0,71.0,True,1630249.0,1630249
POR,Micah Potter,deep,21.5,0.27999999999999997,6.02,48.0,31.0,64.0,True,1630695.0,1630695
POR,Branden Carlson,deep,15.1,0.22400000000000003,3.3824000000000005,39.0,22.0,55.0,True,1642382.0,1642382
POR,Yang Hansen,deep,11.5,0.17920000000000003,2.0608000000000004,28.0,14.0,43.0,True,1642905.0,1642905
POR,Chris Youngblood,deep,9.9,0.14336000000000002,1.4192640000000003,21.0,9.0,34.0,False,1642959.0,1642959
POR,Jayson Kent,deep,8.6,0.06097560975609756,0.524390243902439,14.0,5.0,26.0,False,1643257.0,1643257
SAC,Maxime Raynaud,rotation,29.9,0.9024390243902439,26.98292682926829,67.0,54.0,76.0,True,1642875.0,1642875
SAC,Nique Clifford,rotation,29.2,0.9024390243902439,26.351219512195122,67.0,55.0,76.0,True,1642363.0,1642363
SAC,Darius Acuff,starter,30.8,0.85,26.18,68.0,58.0,76.0,True,,name::SAC::darius acuff
SAC,Keegan Murray,starter,37.8,0.6806254995041068,25.727643881255233,60.0,47.0,72.0,True,1631099.0,1631099
SAC,Zach LaVine,starter,34.7,0.6584853213205866,22.849440649824356,55.0,42.0,68.0,True,203897.0,203897
SAC,Domantas Sabonis,starter,32.7,0.6944929507647877,22.70991949000856,60.0,48.0,72.0,True,1627734.0,1627734
SAC,Precious Achiuwa,rotation,27.8,0.8143056096104382,22.637695947170183,65.0,53.0,75.0,True,1630173.0,1630173
SAC,Malik Monk,rotation,26.7,0.8122674066346772,21.68753975714588,61.0,48.0,73.0,True,1628370.0,1628370
SAC,De'Andre Hunter,starter,28.9,0.6639190247140367,19.18725981423566,57.0,44.0,71.0,True,1629631.0,1629631
SAC,Dylan Cardwell,deep,24.7,0.35,8.645,51.0,34.0,68.0,True,1642928.0,1642928
SAC,Daeqwon Plowden,rotation,30.3,0.25968436154949787,7.868436154949785,45.0,30.0,61.0,True,1631342.0,1631342
SAC,Alex Karaban,deep,13.4,0.22400000000000003,3.0016000000000007,33.0,16.0,51.0,True,,name::SAC::alex karaban
SAC,Emanuel Sharp,deep,13.4,0.17920000000000003,2.4012800000000003,27.0,13.0,43.0,True,,name::SAC::emanuel sharp
SAC,Adam Flagler,deep,12.4,0.14336000000000002,1.7776640000000001,22.0,10.0,36.0,True,1641745.0,1641745
SAC,Jonathan Mogbo,deep,10.1,0.11468800000000003,1.1583488000000002,17.0,8.0,30.0,False,1642367.0,1642367
SAC,Isaiah Stevens,deep,16.4,0.05,0.82,14.0,5.0,25.0,True,1641815.0,1641815
SAS,Stephon Castle,starter,29.5,0.89454806312769,26.389167862266856,67.0,56.0,76.0,True,1642264.0,1642264
SAS,De'Aaron Fox,starter,30.0,0.8385089976684932,25.155269930054796,65.0,54.0,75.0,True,1628368.0,1628368
SAS,Julian Champagnie,starter,27.7,0.8737879502758706,24.203926222641616,72.0,64.0,79.0,True,1630577.0,1630577
SAS,Devin Vassell,starter,30.3,0.7781125943708955,23.576811609438135,63.0,52.0,74.0,True,1630170.0,1630170
SAS,Tobias Harris,rotation,27.1,0.8574661722591145,23.237333268222002,63.0,49.0,75.0,True,202699.0,202699
SAS,Harrison Barnes,rotation,23.6,0.9646389113439855,22.76547830771806,67.0,54.0,76.0,True,203084.0,203084
SAS,Victor Wembanyama,starter,30.9,0.7294242120503397,22.539208152355496,60.0,48.0,72.0,True,1641705.0,1641705
SAS,Keldon Johnson,rotation,23.4,0.8988325744345429,21.032682241768303,66.0,54.0,76.0,True,1629640.0,1629640
SAS,Dylan Harper,rotation,22.8,0.8414634146341463,19.185365853658535,62.0,50.0,74.0,True,1642844.0,1642844
SAS,Luke Kornet,rotation,20.9,0.7367224817229845,15.397499868010375,64.0,51.0,74.0,True,1628436.0,1628436
SAS,Carter Bryant,deep,13.9,0.35,4.865,60.0,46.0,72.0,True,1642868.0,1642868
SAS,Tarris Reed Jr.,deep,12.4,0.27999999999999997,3.4719999999999995,42.0,26.0,60.0,True,,name::SAS::tarris reed jr.
SAS,Maliq Brown,deep,12.4,0.22400000000000003,2.7776000000000005,32.0,16.0,49.0,True,,name::SAS::maliq brown
SAS,Jayden Quaintance,deep,12.4,0.17920000000000003,2.2220800000000005,27.0,12.0,42.0,True,,name::SAS::jayden quaintance
SAS,Ja'Kobi Gillespie,deep,12.4,0.14336000000000002,1.7776640000000001,22.0,11.0,35.0,True,,name::SAS::ja'kobi gillespie
SAS,Jordan McLaughlin,deep,8.8,0.09175040000000002,0.8074035200000003,16.0,7.0,28.0,False,1629162.0,1629162
SAS,Emanuel Miller,deep,9.5,0.05882352941176471,0.5588235294117647,15.0,5.0,26.0,False,1641801.0,1641801
TOR,Scottie Barnes,starter,37.1,0.8774304049971372,32.55266802539379,68.0,58.0,77.0,True,1630567.0,1630567
TOR,Immanuel Quickley,starter,35.8,0.7676464861599542,27.48174420452636,64.0,53.0,74.0,True,1630193.0,1630193
TOR,Jamal Shead,rotation,26.8,0.9648493543758967,25.857962697274033,71.0,61.0,80.0,True,1642347.0,1642347
TOR,RJ Barrett,starter,34.1,0.7557966668204448,25.772666338577167,60.0,47.0,72.0,True,1629628.0,1629628
TOR,Kawhi Leonard,starter,33.6,0.6877318456090633,23.107790012464527,59.0,46.0,72.0,True,202695.0,202695
TOR,Jakob Poeltl,starter,27.8,0.7028713216134377,19.53982274085357,56.0,43.0,70.0,True,1627751.0,1627751
TOR,Ja'Kobe Walter,rotation,24.8,0.7776183644189383,19.28493543758967,63.0,50.0,74.0,True,1642266.0,1642266
TOR,Collin Murray-Boyles,rotation,26.6,0.6951219512195121,18.490243902439023,60.0,46.0,73.0,True,1642867.0,1642867
TOR,Allen Graves,rotation,24.2,0.72,17.424,62.0,48.0,74.0,True,,name::TOR::allen graves
TOR,Kyle Anderson,rotation,22.1,0.7456772508743722,16.479467244323626,58.0,44.0,72.0,True,203937.0,203937
TOR,Jaden Bradley,deep,14.3,0.35,5.005,44.0,27.0,61.0,True,,name::TOR::jaden bradley
TOR,Trayce Jackson-Davis,deep,14.2,0.27999999999999997,3.9759999999999995,50.0,33.0,66.0,True,1631218.0,1631218
TOR,Jamison Battle,deep,13.0,0.22400000000000003,2.9120000000000004,38.0,22.0,54.0,True,1642419.0,1642419
TOR,Alijah Martin,deep,10.7,0.14336000000000002,1.533952,21.0,10.0,34.0,True,1642918.0,1642918
TOR,Chucky Hepburn,deep,10.8,0.05,0.54,14.0,5.0,25.0,False,1642935.0,1642935
UTA,Keyonte George,starter,34.9,0.7665107472992538,26.751225080743957,61.0,48.0,72.0,True,1641718.0,1641718
UTA,Ace Bailey,starter,29.6,0.8780487804878049,25.990243902439026,67.0,58.0,76.0,True,1642846.0,1642846
UTA,Darryn Peterson,starter,30.1,0.85,25.585,68.0,58.0,76.0,True,,name::UTA::darryn peterson
UTA,Kyle Filipowski,rotation,25.8,0.9139167862266858,23.579053084648496,67.0,56.0,77.0,True,1642271.0,1642271
UTA,Isaiah Collier,rotation,28.6,0.7797704447632712,22.301434720229558,61.0,47.0,74.0,True,1642268.0,1642268
UTA,Lauri Markkanen,starter,34.9,0.6272054950873992,21.88947177855023,51.0,39.0,64.0,True,1628374.0,1628374
UTA,Cody Williams,rotation,26.9,0.7317073170731707,19.68292682926829,61.0,48.0,73.0,True,1642262.0,1642262
UTA,Brice Sensabaugh,rotation,25.1,0.7817128856220069,19.620993429112374,65.0,53.0,75.0,True,1641729.0,1641729
UTA,Svi Mykhailiuk,rotation,24.8,0.5610813474222113,13.91481741607084,54.0,38.0,70.0,True,1629004.0,1629004
UTA,Jaren Jackson Jr.,starter,24.0,0.4797151407391632,11.513163377739918,65.0,54.0,75.0,True,1114.0,1114
UTA,Jusuf Nurkić,deep,27.2,0.35,9.52,53.0,38.0,68.0,True,203994.0,203994
UTA,John Konchar,deep,21.8,0.22400000000000003,4.8832,43.0,26.0,60.0,True,1629723.0,1629723
UTA,Blake Hinson,deep,22.4,0.17073170731707318,3.824390243902439,26.0,13.0,40.0,True,1642396.0,1642396
UTA,Josh Okogie,deep,20.8,0.17920000000000003,3.7273600000000005,33.0,17.0,50.0,True,1629006.0,1629006
UTA,Jaxson Hayes,deep,20.6,0.14336000000000002,2.9532160000000007,24.0,11.0,38.0,True,1629637.0,1629637
UTA,Trey Alexander,deep,15.7,0.11468800000000003,1.8006016000000002,17.0,7.0,28.0,True,1641725.0,1641725
UTA,Mo Bamba,deep,15.5,0.09175040000000002,1.4221312000000004,16.0,6.0,27.0,True,1628964.0,1628964
UTA,Tamar Bates,deep,13.1,0.08,1.048,15.0,6.0,27.0,False,1642926.0,1642926
WAS,Bub Carrington,rotation,33.3,0.9928263988522238,33.06111908177905,70.0,60.0,79.0,True,1642267.0,1642267
WAS,AJ Dybantsa,starter,29.6,0.85,25.16,68.0,58.0,76.0,True,,name::WAS::aj dybantsa
WAS,Alex Sarr,starter,33.1,0.6736011477761836,22.29619799139168,57.0,44.0,70.0,True,1642259.0,1642259
WAS,Kyshawn George,starter,31.5,0.6857962697274032,21.6025824964132,58.0,45.0,72.0,True,1642273.0,1642273
WAS,Bilal Coulibaly,rotation,29.5,0.7054237665664328,20.810001113709767,57.0,42.0,71.0,True,1641731.0,1641731
WAS,Deandre Ayton,rotation,27.9,0.7316469747366053,20.412950595151287,60.0,46.0,73.0,True,1629028.0,1629028
WAS,Tre Johnson,rotation,26.7,0.7439024390243902,19.86219512195122,60.0,47.0,73.0,True,1642848.0,1642848
WAS,Trae Young,starter,27.1,0.6421471300108215,17.402187223293264,60.0,47.0,73.0,True,1629027.0,1629027
WAS,Anthony Davis,starter,29.3,0.5667626355959421,16.606145222961104,51.0,38.0,65.0,True,203076.0,203076
WAS,Khris Middleton,rotation,23.1,0.6713411013326143,15.50797944078339,54.0,38.0,70.0,True,203114.0,203114
WAS,Will Riley,deep,24.0,0.27999999999999997,6.719999999999999,61.0,47.0,73.0,True,1642860.0,1642860
WAS,Julian Reese,deep,33.6,0.15853658536585366,5.326829268292683,24.0,11.0,40.0,True,1642882.0,1642882
WAS,Jamir Watkins,deep,23.5,0.22400000000000003,5.264000000000001,39.0,22.0,56.0,True,1642364.0,1642364
WAS,Justin Champagnie,deep,22.6,0.17920000000000003,4.049920000000001,31.0,14.0,48.0,True,1630551.0,1630551
WAS,Cam Whitmore,deep,19.6,0.14336000000000002,2.8098560000000004,22.0,10.0,36.0,True,1641715.0,1641715
WAS,Tristan Vukcevic,deep,16.6,0.11468800000000003,1.9038208000000005,18.0,8.0,31.0,True,1641774.0,1641774
WAS,Felix Okpara,deep,12.8,0.09175040000000002,1.1744051200000003,16.0,7.0,28.0,True,,name::WAS::felix okpara
