espn_rank,espn_total_rank,player,team,gp,mpg,espn_fp_per_game,espn_season_fp,cat_rank,cat_total_rank,delta_vs_cat,fga,fta,shot_event_net,volume_source
1,1,Nikola Jokić,DEN,66,35.0,64.7,4269,2,3,1,17.1,7.1,+2.4,stated
2,2,Victor Wembanyama,SAS,68,31.0,58.8,3997,1,1,-1,17.8,7.4,+0.5,recovered
3,4,Luka Dončić,LAL,66,34.0,58.6,3870,5,4,2,21.8,9.0,-0.9,stated
4,3,Shai Gilgeous-Alexander,OKC,70,33.0,55.3,3871,3,2,-1,19.6,8.8,+2.0,stated
5,8,Giannis Antetokounmpo,MIA,60,32.0,52.7,3165,63,85,58,15.4,11.0,+3.2,recovered
6,6,Cade Cunningham,DET,66,34.0,50.9,3360,11,18,5,18.9,6.0,-1.4,recovered
7,10,Jayson Tatum,BOS,65,34.0,48.6,3159,7,16,0,21.4,5.1,-1.8,recovered
8,7,Cooper Flagg,DAL,72,36.0,46.6,3352,9,7,1,19.2,5.7,-0.6,stated
9,9,Tyrese Maxey,PHI,68,34.0,46.5,3165,6,5,-3,19.5,5.4,-1.4,recovered
10,5,Scottie Barnes,TOR,74,34.0,46.3,3423,12,6,2,16.0,3.8,+0.0,recovered
11,28,Kawhi Leonard,LAC,60,32.0,45.7,2740,4,8,-7,17.8,6.4,+0.0,recovered
12,12,Anthony Edwards,MIN,68,35.0,45.0,3058,13,13,1,19.1,7.2,-0.8,recovered
13,16,Tyrese Haliburton,IND,66,32.0,44.9,2960,14,21,1,13.9,3.2,-0.8,estimated
14,17,Jamal Murray,DEN,66,35.0,44.7,2952,16,19,2,17.6,5.0,-0.9,stated
15,11,Donovan Mitchell,CLE,70,33.0,44.0,3079,15,10,0,19.6,6.0,-1.2,recovered
16,18,Evan Mobley,CLE,68,34.0,43.3,2946,27,28,11,13.5,4.9,+1.3,recovered
17,14,Alperen Şengün,HOU,70,32.0,42.8,2993,54,45,37,15.8,5.0,+0.6,recovered
18,115,Anthony Davis,WAS,44,28.0,42.5,1870,22,99,4,15.0,3.7,+0.6,recovered
19,63,Josh Giddey,CHI,54,31.5,42.2,2276,184,229,165,10.2,4.1,-1.7,recovered
20,59,Trae Young,WAS,55,32.0,42.1,2316,33,69,13,14.3,8.1,-1.8,recovered
21,137,Joel Embiid,PHI,40,31.0,42.1,1682,23,116,2,16.0,8.6,+0.0,recovered
22,23,Austin Reaves,LAL,67,34.0,41.8,2802,21,23,-1,15.5,7.0,-0.5,stated
23,21,Jalen Brunson,NYK,70,34.0,41.7,2917,45,34,22,19.2,5.5,-1.1,recovered
24,55,Stephen Curry,GSW,58,30.5,41.2,2392,17,33,-7,17.8,5.0,-1.4,recovered
25,34,LaMelo Ball,MIN,64,31.0,41.0,2627,26,37,1,15.3,2.8,-2.4,recovered
26,26,Karl-Anthony Towns,NYK,68,31.0,40.8,2778,19,15,-7,13.7,5.5,+0.3,recovered
27,33,Walker Kessler,LAL,65,30.0,40.6,2641,8,12,-19,7.8,3.0,+2.7,stated
28,29,Paolo Banchero,ORL,68,34.0,40.3,2738,85,74,57,16.1,8.5,-1.1,stated
29,13,Devin Booker,PHX,76,27.7,40.1,3048,230,194,201,18.8,7.5,-2.9,stated
30,48,Trey Murphy III,NOP,62,33.0,39.4,2442,20,31,-10,15.3,3.4,-0.9,recovered
31,15,Amen Thompson,HOU,76,33.0,39.3,2985,37,24,6,13.2,4.3,+1.2,recovered
32,74,Lauri Markkanen,UTA,55,32.0,39.2,2156,10,38,-22,16.0,6.0,-0.6,recovered
33,51,Domantas Sabonis,SAC,62,30.0,39.2,2428,52,64,19,11.7,4.1,+1.6,recovered
34,100,Brandon Miller,CHA,50,32.5,39.1,1957,32,92,-2,18.7,3.6,-2.1,recovered
35,36,Chet Holmgren,OKC,67,29.0,39.1,2620,18,17,-17,11.6,4.3,+1.2,stated
36,45,James Harden,CLE,64,31.0,38.8,2486,40,47,4,14.4,6.7,-2.0,recovered
37,40,Kevin Durant,HOU,66,31.0,38.7,2557,28,30,-9,15.8,5.1,+0.5,recovered
38,25,Bam Adebayo,MIA,72,34.0,38.7,2784,34,26,-4,12.6,6.1,-0.3,recovered
39,35,Jalen Duren,DET,68,29.5,38.6,2626,30,29,-9,10.6,6.4,+3.4,recovered
40,30,De'Aaron Fox,SAS,70,30.0,38.2,2677,61,51,21,15.8,3.3,-0.6,recovered
41,31,Deni Avdija,POR,70,33.0,38.2,2674,59,46,18,13.0,9.1,-0.8,recovered
42,85,Kyrie Irving,DAL,55,31.0,37.9,2085,29,62,-13,16.5,4.0,-0.5,stated
43,41,Jaylen Brown,PHI,67,34.0,37.9,2540,69,61,26,17.0,7.4,-0.7,recovered
44,64,Zion Williamson,NOP,60,31.0,37.8,2270,80,107,36,14.2,7.8,+2.6,recovered
45,19,Kon Knueppel,CHA,78,33.5,37.7,2939,43,22,-2,16.1,3.0,-1.0,recovered
46,20,Payton Pritchard,BOS,78,32.0,37.5,2924,39,20,-7,17.5,1.7,-1.1,recovered
47,78,Alex Sarr,WAS,57,28.0,37.4,2132,48,73,1,13.4,3.1,-0.3,recovered
48,116,Ja Morant,POR,50,31.0,37.2,1861,116,184,68,17.0,6.4,-1.5,recovered
49,75,Jalen Williams,OKC,58,30.0,37.2,2155,46,71,-3,14.4,4.0,+0.0,stated
50,53,Michael Porter Jr,BKN,65,32.0,37.1,2410,36,41,-14,17.2,4.3,-1.3,recovered
51,22,Desmond Bane,ORL,78,33.0,37.0,2887,31,11,-20,14.1,3.6,-0.4,stated
52,43,Pascal Siakam,IND,68,32.0,37.0,2515,76,67,24,15.2,5.9,+0.2,recovered
53,92,Dejounte Murray,NOP,55,30.0,36.9,2027,53,101,0,13.7,3.5,-1.0,recovered
54,80,Franz Wagner,ORL,58,30.0,36.7,2127,72,98,18,13.9,5.4,-0.4,stated
55,37,Stephon Castle,SAS,72,30.0,36.3,2616,98,81,43,12.7,5.6,-0.8,recovered
56,27,Derrick White,BOS,76,34.0,36.3,2759,24,9,-32,14.1,2.6,-2.2,recovered
57,38,Donovan Clingan,POR,72,29.0,36.2,2607,41,27,-16,9.5,2.8,+0.6,recovered
58,47,Keyonte George,UTA,68,32.0,36.1,2457,50,40,-8,13.5,6.8,-1.3,recovered
59,66,Darius Garland,LAC,62,32.0,36.1,2238,79,93,20,15.7,2.9,-1.4,recovered
60,79,Dyson Daniels,ATL,59,17.7,36.0,2127,260,256,200,3.3,0.9,-0.5,recovered
61,39,Cameron Boozer,MEM,72,32.0,35.9,2586,49,32,-12,14.0,4.6,+0.3,stated
62,65,Immanuel Quickley,TOR,63,32.0,35.8,2254,57,65,-5,13.4,3.0,-1.5,recovered
63,81,Coby White,CHA,60,31.5,35.4,2123,73,91,10,15.0,6.0,-1.7,recovered
64,46,Julius Randle,BKN,70,31.0,35.3,2470,102,86,38,14.5,5.9,-0.8,recovered
65,56,Brandon Ingram,TOR,67,33.0,35.2,2360,77,68,12,16.7,4.5,-0.9,recovered
66,68,Jaren Jackson Jr,UTA,63,31.0,35.2,2219,47,55,-19,14.5,4.3,-0.7,recovered
67,104,Tyler Herro,MIL,55,31.0,35.1,1932,42,75,-25,16.7,4.0,-1.1,stated
68,60,Ivica Zubac,IND,66,30.0,35.1,2314,65,58,-3,10.4,3.0,+2.4,recovered
69,24,Matas Buzelis,CHI,80,18.9,35.0,2796,194,144,125,6.3,2.0,-0.6,recovered
70,42,Naz Reid,CHA,73,31.0,34.8,2538,55,36,-15,14.2,1.9,-1.0,recovered
71,140,Kristaps Porziņģis,GSW,48,25.5,34.5,1656,38,108,-33,12.7,5.2,-1.2,recovered
72,52,Ryan Rollins,MIL,70,32.0,34.4,2410,44,35,-28,13.2,2.4,-0.8,stated
73,125,Damian Lillard,POR,52,29.0,33.9,1764,93,151,20,16.9,2.9,-2.4,estimated
74,67,Jarrett Allen,CLE,67,29.0,33.2,2227,66,57,-8,8.2,5.0,+2.5,recovered
75,32,Mikal Bridges,NYK,80,32.0,33.1,2644,51,25,-24,11.8,1.2,-0.2,recovered
76,97,Jalen Suggs,ORL,60,26.0,33.0,1983,81,109,5,9.9,1.8,-1.3,stated
77,57,Ausar Thompson,DET,71,29.0,32.9,2335,62,53,-15,8.7,2.9,+0.5,recovered
78,83,OG Anunoby,NYK,64,33.0,32.9,2105,35,44,-43,12.0,3.3,-0.4,recovered
79,44,Brandin Podziemski,GSW,76,32.0,32.8,2489,78,48,-1,12.4,3.3,-1.2,recovered
80,151,Zach Edey,MEM,48,26.0,32.7,1569,64,128,-16,8.8,2.8,+1.9,stated
81,124,Paul George,BOS,55,27.0,32.2,1770,58,104,-23,13.4,2.6,-1.5,recovered
82,61,VJ Edgecombe,PHI,72,32.0,32.0,2301,70,52,-12,12.4,2.2,-1.2,recovered
83,169,Ty Jerome,MEM,45,22.0,31.9,1437,88,179,5,11.8,3.0,-0.6,stated
84,73,Keegan Murray,SAC,68,32.0,31.8,2162,60,54,-24,13.1,1.9,-1.4,recovered
85,58,AJ Dybantsa,WAS,74,32.0,31.5,2334,119,88,34,16.2,3.2,-1.3,estimated
86,49,Reed Sheppard,HOU,78,25.0,31.3,2438,71,39,-15,12.0,1.0,-1.6,recovered
87,62,Kel'el Ware,MIL,74,28.0,31.0,2295,25,14,-62,9.0,1.6,+0.6,stated
88,69,Darius Acuff Jr,SAC,72,31.0,30.6,2201,160,131,72,15.3,3.1,-1.9,estimated
89,77,Cedric Coward,MEM,70,30.0,30.5,2134,84,66,-5,12.0,3.2,-0.7,stated
90,89,John Collins,DET,67,28.0,30.5,2042,67,56,-23,10.6,2.3,+1.2,recovered
91,90,RJ Barrett,TOR,67,31.0,30.4,2040,149,138,58,13.5,5.0,-0.4,recovered
92,50,Derik Queen,NOP,80,28.0,30.4,2431,86,42,-6,10.3,3.8,-0.4,recovered
93,82,Jaden McDaniels,MIN,70,33.0,30.3,2119,56,43,-37,11.7,2.5,+0.1,recovered
94,88,Andrew Wiggins,MIA,68,31.0,30.2,2054,75,63,-19,11.7,2.5,-0.5,recovered
95,236,Jimmy Butler III,GSW,30,27.5,30.2,905,83,247,-12,10.7,6.7,-0.4,recovered
96,91,Kyshawn George,WAS,68,28.0,30.0,2037,91,82,-5,11.2,2.6,-1.2,recovered
97,54,Miles Bridges,PHX,80,21.2,29.9,2395,205,156,108,13.1,2.9,-0.9,stated
98,87,Rudy Gobert,MIN,69,30.0,29.9,2065,118,105,20,6.2,3.8,+2.1,recovered
99,84,Caleb Wilson,CHI,70,29.0,29.9,2093,114,97,15,12.0,2.9,-0.5,estimated
100,76,Dylan Harper,SAS,72,27.0,29.7,2141,122,95,22,11.8,2.0,+0.0,recovered
101,93,Josh Hart,NYK,68,26.0,29.5,2009,108,102,7,7.9,1.6,+0.1,recovered
102,72,Ace Bailey,UTA,74,29.0,29.5,2184,106,77,4,14.9,1.3,-1.5,recovered
103,134,Isaiah Hartenstein,OKC,58,23.0,29.3,1698,92,125,-11,6.0,2.2,+1.4,stated
104,172,Mark Williams,PHX,48,19.3,29.3,1404,124,192,20,8.0,2.7,+2.2,stated
105,96,Ayo Dosunmu,MIN,68,31.0,29.2,1988,89,79,-16,10.8,2.4,-0.2,recovered
106,121,Fred VanVleet,HOU,62,26.0,29.1,1805,109,126,3,10.0,2.6,-2.2,estimated
107,105,Jalen Green,PHX,67,31.9,28.8,1932,179,181,72,16.1,2.9,-2.4,stated
108,131,Day'Ron Sharpe,BKN,60,25.0,28.8,1728,100,123,-8,7.8,3.3,+1.5,recovered
109,147,Aaron Gordon,DEN,55,30.0,28.7,1580,113,152,4,10.3,4.1,+0.1,stated
110,86,Darryn Peterson,UTA,72,29.0,28.7,2066,120,96,10,13.8,2.9,-1.5,estimated
111,112,Andrew Nembhard,IND,66,30.0,28.6,1885,127,117,16,10.0,3.9,-0.8,recovered
112,108,Daniel Gafford,DAL,68,24.0,28.1,1912,82,70,-30,6.4,2.7,+2.0,stated
113,129,Zach LaVine,SAC,62,30.0,28.0,1739,105,113,-8,13.7,3.4,-0.7,recovered
114,109,Devin Vassell,SAS,68,28.0,28.0,1902,95,89,-19,12.0,1.7,-1.3,recovered
115,111,Mikel Brown Jr,BKN,68,29.0,27.8,1888,146,134,31,11.8,2.9,-1.8,estimated
116,95,Collin Murray-Boyles,TOR,72,29.0,27.7,1993,68,50,-48,9.2,2.5,+1.0,recovered
117,132,Santi Aldama,DAL,62,24.0,27.6,1712,130,136,13,9.9,2.3,-0.5,stated
118,118,PJ Washington,DAL,66,28.0,27.6,1821,121,114,3,10.8,2.6,-1.2,stated
119,146,Jusuf Nurkic,UTA,58,23.0,27.6,1599,157,188,38,7.4,2.4,+0.1,recovered
120,99,Davion Mitchell,MIA,72,29.0,27.4,1973,142,112,22,7.9,0.9,-0.4,recovered
121,107,Keaton Wagler,LAC,70,28.0,27.3,1914,140,119,19,11.7,2.8,-1.5,estimated
122,71,Jeremiah Fears,NOP,80,28.0,27.3,2186,131,83,9,13.7,3.3,-1.7,recovered
123,135,De'Anthony Melton,GSW,62,24.0,27.3,1691,128,140,5,8.9,2.6,-1.5,recovered
124,101,Sandro Mamukelashvili,LAL,72,24.0,27.1,1953,134,106,10,9.5,2.3,+0.3,stated
125,120,Egor Dëmin,BKN,67,29.0,27.1,1817,133,124,8,11.4,1.5,-1.8,recovered
126,102,Quentin Grimes,LAL,72,30.0,27.1,1951,103,80,-23,10.4,3.0,-1.0,stated
127,70,Dillon Brooks,PHX,82,28.7,26.7,2191,250,216,123,15.2,3.0,-1.8,stated
128,161,Jakob Poeltl,TOR,55,24.0,26.6,1465,123,157,-5,6.7,2.0,+2.2,recovered
129,103,Yaxel Lendeborg,GSW,73,25.5,26.5,1937,94,72,-35,8.1,2.5,-0.5,estimated
130,94,Toumani Camara,POR,76,31.0,26.4,2003,111,76,-19,10.0,1.6,-1.1,recovered
131,133,Bennedict Mathurin,LAC,65,29.0,26.3,1710,129,122,-2,12.4,6.0,-1.5,recovered
132,143,Draymond Green,GSW,62,27.0,26.3,1631,156,164,24,6.8,1.2,-1.0,recovered
133,110,Neemias Queta,BOS,72,21.0,26.2,1889,125,94,-8,5.3,1.9,+1.6,recovered
134,141,Christian Braun,DEN,63,30.0,26.2,1649,132,135,-2,9.2,2.4,+0.3,stated
135,166,Ajay Mitchell,OKC,55,24.0,26.2,1439,107,147,-28,9.7,2.5,-0.3,stated
136,113,Jaime Jaquez Jr,MIL,72,28.0,26.1,1880,139,111,3,10.5,3.0,+0.0,stated
137,114,Moussa Diabaté,CHA,72,24.5,26.1,1880,110,84,-27,5.3,2.3,+1.4,recovered
138,106,Jabari Smith Jr,HOU,74,32.0,26.1,1928,90,60,-48,11.9,2.5,-1.2,recovered
139,98,Cason Wallace,OKC,76,27.0,26.1,1980,74,49,-65,7.7,1.2,-0.9,stated
140,119,Anthony Black,ORL,70,26.0,26.0,1817,138,118,-2,10.4,2.8,-1.0,stated
141,138,Myles Turner,MIL,65,25.0,25.9,1681,87,87,-54,8.8,2.3,-0.9,stated
142,156,Cameron Johnson,DEN,58,29.0,25.8,1495,117,141,-25,9.4,2.2,-0.5,stated
143,117,Gui Santos,GSW,72,27.0,25.7,1851,145,120,2,10.2,2.4,-0.4,recovered
144,128,Malik Monk,SAC,68,25.0,25.7,1745,165,150,21,10.6,1.9,-1.3,recovered
145,122,Naji Marshall,DAL,70,27.0,25.6,1794,153,133,8,10.4,3.2,+0.0,stated
146,144,Shaedon Sharpe,POR,64,29.0,25.4,1624,126,129,-20,15.6,3.8,-1.6,recovered
147,229,Dereck Lively II,DAL,38,20.0,25.4,964,112,226,-35,5.0,1.8,+1.5,stated
148,149,Peyton Watson,DEN,62,26.0,25.3,1571,135,142,-13,9.4,3.0,-0.3,stated
149,126,Saddiq Bey,NOP,70,27.0,25.1,1755,104,90,-45,11.7,3.5,-1.2,recovered
150,136,Herb Jones,NOP,68,26.0,24.8,1685,101,103,-49,7.6,1.0,-1.2,recovered
151,145,Tobias Harris,SAS,65,21.0,24.6,1601,163,155,12,8.1,1.9,-0.4,recovered
152,130,Jaylon Tyson,CLE,72,27.0,24.1,1738,151,121,-1,9.5,1.6,-0.7,recovered
153,142,Collin Sexton,LAL,68,24.0,24.0,1634,161,143,8,10.0,3.2,-0.4,stated
154,158,Jrue Holiday,POR,62,23.0,24.0,1485,115,127,-39,9.7,1.6,-0.9,recovered
155,127,Max Christie,DAL,74,29.0,23.6,1747,136,100,-19,9.7,1.8,-1.0,stated
156,177,Tari Eason,HOU,58,25.0,23.3,1352,137,163,-19,9.6,1.1,-1.4,recovered
157,148,Wendell Carter Jr,ORL,68,24.0,23.2,1579,148,130,-9,6.7,2.3,+0.2,stated
158,139,Keon Ellis,BKN,72,23.0,23.1,1661,97,78,-61,7.0,1.1,-0.4,recovered
159,123,Julian Champagnie,SAS,78,27.0,22.9,1787,99,59,-60,8.7,1.6,-1.0,recovered
160,181,Grayson Allen,CHA,58,22.0,22.7,1318,152,177,-8,9.5,2.5,-1.6,recovered
161,150,Morez Johnson Jr,DAL,70,17.0,22.4,1570,144,115,-17,6.2,2.0,+0.9,stated
162,168,Max Strus,CLE,65,26.0,22.1,1438,166,161,4,8.4,0.9,-1.1,recovered
163,155,Bobby Portis,MIA,68,24.0,22.0,1498,158,137,-5,9.9,1.0,-0.1,recovered
164,175,Kelly Oubre Jr,IND,62,25.0,21.9,1355,159,168,-5,8.9,2.3,-0.8,recovered
165,159,Deandre Ayton,WAS,68,16.0,21.8,1480,224,204,59,5.4,1.2,+1.5,recovered
166,206,Robert Williams III,POR,52,17.0,21.6,1122,96,149,-70,4.4,1.0,+1.8,recovered
167,178,Derrick Jones Jr,LAC,62,21.0,21.5,1332,199,207,32,5.5,1.5,-0.1,recovered
168,163,De'Andre Hunter,SAC,68,28.0,21.4,1454,147,132,-21,11.4,3.4,-1.4,recovered
169,165,Cam Spencer,MEM,68,15.0,21.3,1447,219,201,50,6.3,1.4,-0.4,stated
170,170,Jaylen Wells,MEM,68,24.0,21.1,1433,200,196,30,10.0,2.2,-1.4,stated
171,152,Isaiah Joe,DET,72,23.0,21.1,1517,141,110,-30,8.2,1.8,-0.8,recovered
172,182,Aaron Nesmith,IND,62,26.0,21.0,1303,155,159,-17,7.8,2.2,-0.8,recovered
173,154,Kris Dunn,LAC,72,22.0,20.8,1499,162,139,-11,5.4,0.8,-0.5,recovered
174,157,Pelle Larsson,MIA,72,24.0,20.7,1493,189,169,15,7.0,3.0,-0.1,recovered
175,180,Miles McBride,NYK,64,23.0,20.6,1321,170,175,-5,8.4,1.0,-1.3,recovered
176,167,Isaiah Collier,UTA,70,18.0,20.6,1439,233,224,57,6.4,2.5,-0.1,recovered
177,195,T.J. McConnell,IND,58,15.0,20.4,1184,188,217,11,6.6,0.4,+0.4,recovered
178,199,Mitchell Robinson,BOS,58,20.0,20.3,1179,143,170,-35,3.6,1.7,+1.5,recovered
179,179,Brook Lopez,LAC,66,22.0,20.2,1332,169,160,-10,7.1,1.0,-1.0,recovered
180,171,Hannes Steinbach,CHA,70,18.0,20.1,1409,181,166,1,6.7,1.8,+0.3,estimated
181,193,Jerami Grant,MEM,60,24.0,20.0,1198,164,180,-17,8.8,3.6,-1.0,stated
182,153,Hugo Gonzalez,BOS,76,16.0,19.9,1514,238,209,56,4.8,0.4,-0.2,recovered
183,160,Tim Hardaway Jr,MIA,74,25.0,19.9,1474,173,145,-10,8.8,2.3,-1.0,recovered
184,183,Paul Reed,DET,65,15.0,19.7,1283,167,167,-17,4.6,1.8,+0.9,recovered
185,162,Nique Clifford,SAC,74,23.0,19.7,1459,207,183,22,8.5,1.2,-1.2,recovered
186,184,Josh Minott,BKN,65,18.0,19.7,1280,154,148,-32,6.4,1.3,-0.1,recovered
187,187,Isaiah Jackson,LAC,64,18.0,19.6,1252,177,190,-10,4.6,2.1,+1.1,recovered
188,225,Al Horford,GSW,50,18.0,19.5,976,171,225,-17,5.8,0.5,-0.7,recovered
189,174,Kingston Flemings,ATL,70,19.0,19.4,1361,212,200,23,7.1,1.9,-1.0,estimated
190,252,Donte DiVincenzo,MIN,27,15.2,19.4,524,262,264,72,3.7,1.5,-0.7,estimated
191,164,Keldon Johnson,SAS,75,16.0,19.3,1450,217,186,26,7.3,1.6,+0.1,recovered
192,173,Jarace Walker,IND,72,22.0,19.2,1386,203,187,11,6.9,2.1,-0.8,recovered
193,190,Isaiah Stewart,MEM,64,15.0,19.2,1226,220,215,27,5.7,1.8,+0.5,stated
194,196,Kyle Kuzma,MIL,62,18.0,19.1,1181,252,249,58,9.2,2.2,-0.6,stated
195,201,Andre Drummond,NYK,62,17.0,18.9,1173,197,205,2,4.8,1.1,+0.3,recovered
196,203,Karlo Matković,NOP,62,17.0,18.8,1169,168,172,-28,4.8,0.8,+0.9,recovered
197,176,Kyle Filipowski,UTA,72,16.0,18.8,1354,206,185,9,5.9,1.9,-0.1,recovered
198,191,Rui Hachimura,LAC,65,27.0,18.7,1216,150,146,-48,9.4,1.0,+0.2,recovered
199,207,Anfernee Simons,PHI,60,23.0,18.7,1122,209,223,10,8.8,1.3,-1.1,recovered
200,189,Bilal Coulibaly,WAS,68,18.0,18.4,1251,201,195,1,6.2,2.2,-0.9,recovered
201,185,Duncan Robinson,DET,70,21.0,18.3,1278,190,174,-11,7.4,1.1,-0.7,recovered
202,186,Brayden Burries,MIL,70,16.0,18.0,1259,226,208,24,8.2,2.0,-0.9,stated
203,209,Joan Beringer,MIN,62,16.0,18.0,1114,175,189,-28,4.9,1.6,+1.4,estimated
204,198,Ryan Kalkbrenner,CHA,66,16.0,17.9,1179,172,162,-32,3.4,1.3,+1.6,recovered
205,246,Klay Thompson,DAL,38,15.0,17.7,673,257,258,52,9.2,0.7,-1.8,stated
206,204,Sam Merrill,CLE,66,20.0,17.6,1165,193,197,-13,7.3,1.0,-1.0,recovered
207,200,Kevin Huerter,DET,67,18.5,17.5,1176,202,199,-5,6.3,0.8,-0.7,recovered
208,221,Scoot Henderson,POR,58,21.0,17.5,1016,208,230,0,10.3,2.8,-1.6,recovered
209,219,Nolan Traoré,BKN,60,19.0,17.2,1034,256,251,47,7.6,1.5,-1.4,recovered
210,205,Brice Sensabaugh,UTA,68,18.0,17.0,1157,227,211,17,7.8,2.1,-0.7,recovered
211,217,Noah Clowney,BKN,62,17.0,17.0,1052,216,222,5,6.5,2.1,-1.1,recovered
212,218,Dean Wade,PHI,62,23.0,17.0,1052,195,206,-17,4.8,0.6,-0.6,recovered
213,202,Royce O'Neale,CHA,70,18.0,16.7,1169,210,198,-3,5.6,0.3,-0.9,recovered
214,188,Ron Holland II,DET,75,18.0,16.7,1252,221,193,7,6.8,1.7,-0.8,recovered
215,228,Alex Caruso,OKC,58,17.0,16.7,966,185,218,-30,4.7,0.9,-0.7,stated
216,216,Dominick Barlow,PHI,64,20.0,16.5,1059,211,213,-5,4.5,1.5,+0.4,recovered
217,192,Zaccharie Risacher,DAL,75,24.6,16.2,1213,187,158,-30,10.9,1.4,-0.9,recovered
218,211,Yves Missi,NOP,68,21.0,16.1,1096,183,171,-35,4.8,1.6,+0.6,recovered
219,212,Terrence Shannon Jr,MIN,68,19.0,16.1,1092,255,241,36,5.5,2.4,-0.3,recovered
220,197,Baylor Scheierman,BOS,74,16.0,15.9,1180,243,219,23,4.2,0.3,-0.4,recovered
221,220,Dailyn Swain,CHI,64,17.0,15.9,1020,244,246,23,6.7,1.7,-0.8,estimated
222,210,Ja'Kobe Walter,TOR,70,22.0,15.9,1113,174,165,-48,7.0,1.4,-0.9,recovered
223,214,Daniss Jenkins,DET,69,16.0,15.8,1087,249,235,26,5.8,1.7,-1.0,recovered
224,215,Luguentz Dort,ATL,68,27.0,15.6,1062,191,191,-33,7.8,0.9,-1.6,stated
225,213,Tre Johnson,WAS,70,18.0,15.6,1092,246,231,21,8.3,1.1,-1.2,recovered
226,255,Chaney Johnson,BKN,25,15.0,15.5,388,231,261,5,4.5,1.5,+0.1,recovered
227,223,Tyus Jones,DEN,64,17.0,15.5,990,245,245,18,4.5,0.5,-0.6,stated
228,230,Terance Mann,BKN,62,17.0,15.4,958,242,243,14,5.3,0.9,-0.3,recovered
229,232,Tarik Biberovic,DAL,60,18.0,15.4,924,229,234,0,7.1,1.0,-0.9,stated
230,194,Jamal Shead,TOR,78,21.0,15.3,1193,218,182,-12,6.5,1.3,-1.4,recovered
231,243,Aaron Wiggins,ATL,50,24.2,15.2,762,254,255,23,7.1,1.2,-0.5,recovered
232,226,Jared McCain,OKC,64,17.0,15.2,971,235,232,3,6.8,0.9,-0.6,stated
233,208,Jake LaRavia,LAL,74,22.0,15.1,1117,178,153,-55,4.8,1.2,-0.3,stated
234,222,Trey Lyles,MIN,68,17.0,14.7,999,251,238,17,4.6,1.7,-0.4,estimated
235,224,Walter Clayton Jr,MEM,68,20.0,14.5,986,225,210,-10,5.4,1.4,-1.1,stated
236,235,Nae'Qwan Tomlin,CLE,64,15.0,14.2,909,236,233,0,4.6,1.0,-0.0,recovered
237,238,Oso Ighodaro,PHX,61,17.1,14.1,860,258,252,21,3.0,1.0,+0.6,stated
238,234,Adem Bona,PHI,65,16.0,14.1,914,234,228,-4,2.7,1.5,+0.6,recovered
239,237,Danny Wolf,BKN,62,20.0,14.0,871,204,212,-35,8.1,2.0,-1.2,estimated
240,231,Sam Hauser,BOS,70,19.0,13.5,948,223,202,-17,5.9,0.2,-0.8,recovered
241,241,Josh Green,MIN,62,19.0,13.1,813,240,244,-1,3.9,0.6,-0.3,recovered
242,227,Sion James,CHA,76,15.0,12.7,966,259,242,17,4.7,0.8,-0.9,recovered
243,233,Luke Kennard,PHX,73,20.0,12.5,915,241,220,-2,4.2,0.6,-0.5,stated
244,239,Maxime Raynaud,SAC,70,16.0,12.3,858,198,178,-46,6.7,1.6,+0.8,estimated
245,242,Zach Collins,CHI,66,15.8,11.8,778,265,260,20,3.6,1.6,-0.7,estimated
246,250,Dorian Finney-Smith,CHA,50,17.0,11.4,568,261,257,15,4.5,0.2,-1.0,recovered
247,245,Jordan Miller,LAC,68,17.0,10.9,741,237,227,-10,5.5,1.7,+0.2,estimated
248,248,Landry Shamet,NYK,61,20.0,10.4,633,247,248,-1,5.4,2.0,-0.6,estimated
249,244,Ryan Dunn,PHX,74,19.1,10.3,759,232,203,-17,3.1,0.4,-0.4,stated
250,240,Buddy Hield,ATL,82,23.0,10.2,839,228,173,-22,8.1,2.3,-1.2,estimated
251,254,Cam Whitmore,WAS,47,18.7,9.6,453,222,250,-29,10.3,1.9,-0.9,estimated
252,247,Patrick Williams,CHI,71,27.9,8.9,633,192,176,-60,6.6,2.8,-0.2,estimated
253,249,Corey Kispert,ATL,77,23.4,8.1,627,196,154,-57,5.1,2.3,-0.5,estimated
254,256,Jamir Watkins,WAS,50,20.6,7.7,387,186,240,-68,5.7,2.1,-0.6,estimated
255,251,Dalton Knecht,LAL,78,19.2,7.1,554,248,214,-7,3.6,0.5,-0.3,stated
256,253,AJ Green,MIL,70,18.0,7.1,494,253,237,-3,3.2,0.4,-0.5,stated
257,257,Caris LeVert,MIL,57,21.7,6.5,369,215,236,-42,2.8,0.5,-0.3,stated
258,261,Brandon Williams,DAL,24,26.7,5.8,139,182,259,-76,2.5,0.5,-0.6,stated
259,259,Jonathan Mogbo,SAC,63,20.4,5.7,362,213,221,-46,5.0,2.0,-0.6,estimated
260,258,Isaac Okoro,CHI,67,32.4,5.5,369,239,239,-21,7.6,3.2,-1.2,estimated
261,263,Nick Boyd,GSW,23,15.0,4.6,105,263,265,2,3.8,1.5,-0.6,estimated
262,260,Kam Jones,MIL,37,16.6,4.3,158,264,263,2,3.0,0.5,-0.6,stated
263,262,Adam Flagler,SAC,36,30.7,3.8,136,176,253,-87,14.5,3.1,-1.8,estimated
264,265,Olivier Sarr,CLE,22,19.1,0.3,6,214,262,-50,4.2,1.9,+0.6,estimated
265,264,Tucker DeVries,BOS,36,29.8,0.2,9,180,254,-85,13.6,3.0,-2.3,estimated
