team,title,path,gp,mpg,fg_pct,fga,ft_pct,fta,three_pm,pts,reb,ast,stl,blk,tov,nine_cat_z,nine_cat_rank,nine_cat_total_z,nine_cat_total_rank,points_score,points_model_rank
ATL,Aaron Wiggins,Players/ATL/Aaron Wiggins,70.0,16.0,0.455,,0.77,,1.1,7.5,2.5,1.3,0.7,0.3,0.8,-4.28686414132015,236,-3.9607899736030703,238,15.2,243
ATL,Asa Newell,Players/ATL/Asa Newell,52.0,4.0,0.525,,0.62,,0.2,2.2,1.1,0.3,0.2,0.2,0.2,,,,,,
ATL,Buddy Hield,Players/ATL/Buddy Hield,45.0,11.0,0.43,,0.82,,1.3,6.1,1.8,1.0,0.4,0.1,0.7,,,,,,
ATL,CJ McCollum,Players/ATL/CJ McCollum,70.0,29.0,0.45,,0.8,,2.5,17.8,3.1,4.3,0.8,0.4,1.8,0.19370652605971353,114,0.17897251719354107,113,31.019999999999992,92
ATL,Corey Kispert,Players/ATL/Corey Kispert,50.0,10.0,0.46,,0.82,,0.8,4.8,1.3,0.8,0.2,0.1,0.4,,,,,,
ATL,Devin Carter,Players/ATL/Devin Carter,58.0,7.0,0.41,,0.72,,0.3,3.4,1.4,1.1,0.4,0.1,0.6,,,,,,
ATL,Dyson Daniels,Players/ATL/Dyson Daniels,74.0,32.0,0.515,,0.64,,0.4,12.0,6.5,5.8,2.0,0.5,1.8,2.2987583960955003,65,2.1837467023104566,63,34.400000000000006,74
ATL,Henri Veesaar,Players/ATL/Henri Veesaar,26.0,7.0,0.54,,0.75,,0.4,4.0,2.2,0.5,0.2,0.4,0.4,,,,,,
ATL,Jacob Toppin,Players/ATL/Jacob Toppin,12.0,6.0,0.48,,0.72,,0.1,2.4,1.3,0.3,0.2,0.2,0.3,,,,,,
ATL,Jalen Johnson,Players/ATL/Jalen Johnson,68.0,35.0,0.49,,0.79,,1.7,22.8,10.2,7.7,1.2,0.5,3.3,5.342053938641374,22,4.864697041763964,21,49.24000000000001,8
ATL,Jock Landale,Players/ATL/Jock Landale,66.0,17.0,0.52,,0.68,,0.8,8.1,4.5,1.3,0.4,0.4,0.7,-4.40429146263532,240,-3.9513099047512483,236,17.549999999999997,215
ATL,Keshon Gilbert,Players/ATL/Keshon Gilbert,12.0,7.0,0.42,,0.72,,0.2,3.0,1.2,1.3,0.5,0.1,0.8,,,,,,
ATL,Kingston Flemings,Players/ATL/Kingston Flemings,70.0,19.0,0.43,,0.81,,0.8,8.4,2.4,3.8,1.0,0.2,1.6,-3.4566823253516783,213,-3.193754745856639,217,19.38,197
ATL,Mouhamed Gueye,Players/ATL/Mouhamed Gueye,38.0,10.0,0.455,,0.65,,0.3,3.0,2.4,0.6,0.5,0.4,0.3,,,,,,
ATL,Nickeil Alexander-Walker,Players/ATL/Nickeil Alexander-Walker,74.0,33.0,0.455,,0.88,,3.0,19.4,3.5,3.6,1.2,0.5,2.0,3.7397225272242927,37,3.55261638206667,35,33.6,76
ATL,Onyeka Okongwu,Players/ATL/Onyeka Okongwu,72.0,30.0,0.505,,0.75,,1.6,14.4,7.8,3.0,1.0,1.1,1.6,2.679121040286271,57,2.510450468498536,51,33.75999999999999,75
ATL,RayJ Dennis,Players/ATL/RayJ Dennis,18.0,8.0,0.42,,0.75,,0.4,3.7,1.3,2.4,0.5,0.1,0.9,,,,,,
ATL,Zaccharie Risacher,Players/ATL/Zaccharie Risacher,70.0,18.0,0.46,,0.7,,1.2,8.3,3.2,1.0,0.7,0.4,0.8,-4.212819657161599,232,-3.8923775768515636,235,16.740000000000002,223
ATL,Zuby Ejiofor,Players/ATL/Zuby Ejiofor,36.0,8.0,0.515,,0.7,,0.2,3.7,2.5,0.8,0.4,0.5,0.5,,,,,,
BKN,Ben Humrichous,Players/BKN/Ben Humrichous,6.0,8.0,0.43,,0.8,,0.7,3.2,1.6,0.3,0.2,0.1,0.3,,,,,,
BKN,Ben Saraf,Players/BKN/Ben Saraf,45.0,12.0,0.415,,0.82,,0.5,5.0,1.5,2.5,0.7,0.1,1.3,,,,,,
BKN,Chaney Johnson,Players/BKN/Chaney Johnson,25.0,15.0,0.51,,0.76,,0.4,6.2,3.8,1.4,0.7,0.4,0.9,-4.212877287274039,233,-2.326172339998659,192,15.459999999999999,240
BKN,Danny Wolf,Players/BKN/Danny Wolf,58.0,13.0,0.43,,0.78,,0.7,6.5,3.5,1.6,0.4,0.5,0.9,,,,,,
BKN,Day'Ron Sharpe,Players/BKN/Day'Ron Sharpe,68.0,25.0,0.595,,0.7,,0.2,11.8,8.5,2.3,1.0,0.7,1.8,0.11590863399112392,115,0.10555123466891224,115,28.849999999999998,111
BKN,Dion Brown,Players/BKN/Dion Brown,6.0,8.0,0.45,,0.72,,0.2,3.3,1.8,0.8,0.3,0.1,0.4,,,,,,
BKN,Drake Powell,Players/BKN/Drake Powell,55.0,12.0,0.43,,0.85,,0.5,4.4,1.8,1.0,0.5,0.2,0.7,,,,,,
BKN,Duke Brennan,Players/BKN/Duke Brennan,6.0,8.0,0.58,,0.6,,0.0,3.0,2.8,0.5,0.2,0.2,0.4,,,,,,
BKN,Egor Dëmin,Players/BKN/Egor Dëmin,67.0,29.0,0.42,,0.83,,2.3,13.1,3.8,4.2,1.0,0.4,2.0,-0.22652847738272303,129,-0.2047638473645426,129,27.31,129
BKN,Jalen Wilson,Players/BKN/Jalen Wilson,40.0,12.0,0.43,4.2,0.76,1.0,0.8,5.0,2.2,0.8,0.4,0.1,0.6,,,,,,
BKN,Josh Minott,Players/BKN/Josh Minott,65.0,18.0,0.49,,0.79,,1.0,8.3,4.0,1.0,1.0,0.6,0.8,-1.6453833043974895,169,-1.4649298834271651,170,19.1,201
BKN,Joshua Jefferson,Players/BKN/Joshua Jefferson,44.0,11.0,0.48,,0.72,,0.3,4.5,3.1,1.3,0.7,0.4,0.8,,,,,,
BKN,Julius Randle,Players/BKN/Julius Randle,70.0,31.0,0.472,,0.78,,1.5,19.8,8.5,4.7,0.7,0.3,2.9,0.07204989839123366,118,0.0665695262876319,118,37.9,46
BKN,Keon Ellis,Players/BKN/Keon Ellis,72.0,23.0,0.47,,0.81,,1.7,9.2,3.0,1.8,1.3,0.7,0.9,0.3451971100523473,106,0.3234643876197014,106,21.450000000000003,176
BKN,Michael Porter Jr,Players/BKN/Michael Porter Jr,65.0,32.0,0.462,,0.856,,3.2,22.8,6.8,2.8,0.9,0.3,2.1,3.9065281870696142,35,3.4780891883331773,36,38.26,42
BKN,Mikel Brown Jr,Players/BKN/Mikel Brown Jr,68.0,29.0,0.425,,0.84,,2.0,14.5,3.5,5.2,1.0,0.2,2.6,-0.952679822548569,149,-0.8675499663110698,151,28.5,118
BKN,Moritz Wagner,Players/BKN/Moritz Wagner,60.0,14.0,0.545,,0.815,,0.5,7.5,3.5,1.0,0.4,0.3,0.8,,,,,,
BKN,Noah Clowney,Players/BKN/Noah Clowney,62.0,17.0,0.415,,0.8,,1.3,8.4,3.8,1.1,0.6,0.6,1.0,-3.553071068557837,216,-3.0895328187556776,212,17.86,214
BKN,Nolan Traoré,Players/BKN/Nolan Traoré,60.0,19.0,0.405,,0.79,,0.9,8.2,1.9,3.7,0.8,0.3,1.9,-4.858058489914554,256,-4.155577999018311,250,17.88,213
BKN,Terance Mann,Players/BKN/Terance Mann,62.0,17.0,0.475,,0.79,,0.7,6.5,2.7,2.2,0.6,0.2,0.8,-4.600684581632029,245,-4.000473317147783,240,14.989999999999998,246
BKN,Tyler Bilodeau,Players/BKN/Tyler Bilodeau,20.0,13.0,0.455,,0.82,,1.0,5.9,2.5,0.7,0.4,0.2,0.6,,,,,,
BOS,Amari Williams,Players/BOS/Amari Williams,12.0,,0.54,,0.65,,0.0,1.2,1.5,0.4,0.1,0.4,0.3,,,,,,
BOS,Baylor Scheierman,Players/BOS/Baylor Scheierman,74.0,19.0,0.45,,0.89,,1.5,6.4,3.5,1.6,0.6,0.2,0.7,-3.110772023037952,201,-2.955133587978221,208,15.45,241
BOS,Chris Cenac Jr,Players/BOS/Chris Cenac Jr,25.0,1.0,0.5,,0.67,,0.0,0.4,0.3,0.0,0.0,0.1,0.1,,,,,,
BOS,Derrick White,Players/BOS/Derrick White,76.0,32.0,0.421,,0.895,,2.7,16.1,4.2,5.0,1.1,1.2,1.7,4.798587104485691,27,4.619694456095296,24,35.19,66
BOS,Dillon Mitchell,Players/BOS/Dillon Mitchell,15.0,,0.48,,0.58,,0.0,1.3,1.0,0.4,0.3,0.1,0.3,,,,,,
BOS,Hugo Gonzalez,Players/BOS/Hugo Gonzalez,76.0,21.0,0.474,,0.67,,0.8,7.1,4.8,2.0,0.9,0.4,0.8,-2.996969180470513,199,-2.885241344304408,205,19.359999999999996,198
BOS,Jayson Tatum,Players/BOS/Jayson Tatum,72.0,34.0,0.457,,0.852,,3.1,27.0,8.7,5.8,1.1,0.6,3.0,7.005622838816901,8,6.564566838664627,7,49.78999999999999,7
BOS,Jordan Walsh,Players/BOS/Jordan Walsh,48.0,5.0,0.5,,0.76,,0.2,1.5,1.1,0.2,0.2,0.1,0.2,,,,,,
BOS,Luka Garza,Players/BOS/Luka Garza,35.0,2.0,0.56,,0.76,,0.1,1.0,0.5,0.1,0.1,0.1,0.1,,,,,,
BOS,Mike Conley,Players/BOS/Mike Conley,40.0,4.0,0.38,,0.9,,0.2,1.0,0.4,0.7,0.2,0.0,0.2,,,,,,
BOS,Milos Uzan,Players/BOS/Milos Uzan,10.0,,0.41,,0.75,,0.1,1.2,0.4,0.5,0.2,0.0,0.3,,,,,,
BOS,Mitchell Robinson,Players/BOS/Mitchell Robinson,58.0,17.0,0.71,,0.42,,0.0,5.0,7.6,0.6,0.8,1.0,0.6,-2.1050244378170584,181,-1.770370697232532,179,19.82,191
BOS,Neemias Queta,Players/BOS/Neemias Queta,72.0,23.0,0.65,,0.71,,0.0,9.1,7.5,1.4,0.7,1.2,0.9,0.32927584987768743,107,0.3085454890467981,107,25.000000000000007,154
BOS,Paul George,Players/BOS/Paul George,55.0,27.0,0.445,,0.87,,2.3,16.5,4.8,3.5,1.4,0.5,2.1,2.907822632267089,48,2.381454734082947,54,32.25999999999999,82
BOS,Payton Pritchard,Players/BOS/Payton Pritchard,78.0,30.0,0.468,,0.889,,3.0,19.8,4.2,5.9,0.8,0.1,1.8,3.8524260819084053,36,3.7572897664314735,32,36.089999999999996,60
BOS,Ron Harper Jr,Players/BOS/Ron Harper Jr,55.0,8.0,0.425,,0.77,,0.7,2.8,1.2,0.6,0.2,0.2,0.2,,,,,,
BOS,Sam Hauser,Players/BOS/Sam Hauser,70.0,17.0,0.43,,0.87,,1.8,6.5,2.7,0.9,0.4,0.2,0.4,-3.9976288692156503,225,-3.6935549673145185,228,13.389999999999999,257
BOS,Tucker DeVries,Players/BOS/Tucker DeVries,8.0,,0.4,,0.8,,0.3,1.4,0.5,0.3,0.1,0.1,0.2,,,,,,
CHA,Brandon Miller,Players/CHA/Brandon Miller,62.0,32.5,0.445,,0.89,,3.5,23.4,5.3,4.1,1.0,0.7,2.8,5.02954393228777,25,4.373383121909712,26,39.96,31
CHA,Christian Anderson Jr,Players/CHA/Christian Anderson Jr,60.0,12.0,0.41,,0.845,,1.1,6.2,1.4,2.4,0.6,0.1,1.0,,,,,,
CHA,Coby White,Players/CHA/Coby White,68.0,31.5,0.445,,0.84,,3.0,21.4,4.0,5.5,0.8,0.2,2.7,1.452419497703623,87,1.3226337500583312,88,36.25,58
CHA,Dorian Finney-Smith,Players/CHA/Dorian Finney-Smith,50.0,17.0,0.39,,0.75,,1.0,4.7,2.9,1.2,0.5,0.2,0.7,-5.869550979432355,261,-4.583349285274515,257,11.88,262
CHA,Grant Williams,Players/CHA/Grant Williams,50.0,12.0,0.43,,0.805,,0.9,5.0,2.8,1.1,0.4,0.3,0.6,,,,,,
CHA,Grayson Allen,Players/CHA/Grayson Allen,58.0,22.0,0.415,,0.855,,2.3,12.3,2.7,2.8,0.9,0.2,1.3,-1.184957689764376,156,-0.9965748300740267,155,22.89,168
CHA,Hannes Steinbach,Players/CHA/Hannes Steinbach,70.0,18.0,0.52,,0.755,,0.5,8.8,6.2,1.3,0.6,0.6,1.3,-2.952740658650134,198,-2.72814467869514,201,20.740000000000002,179
CHA,Kon Knueppel,Players/CHA/Kon Knueppel,78.0,33.5,0.468,,0.868,,3.8,21.5,5.6,4.5,0.8,0.2,2.4,4.118020680982656,33,4.016325461835863,28,37.47,48
CHA,Kylan Boswell,Players/CHA/Kylan Boswell,12.0,4.5,0.39,,0.81,,0.3,1.7,0.6,0.8,0.3,0.0,0.4,,,,,,
CHA,Liam McNeeley,Players/CHA/Liam McNeeley,44.0,8.0,0.405,,0.82,,0.7,3.6,1.9,0.5,0.2,0.1,0.3,,,,,,
CHA,Michael Ajayi,Players/CHA/Michael Ajayi,12.0,5.0,0.45,,0.76,,0.2,2.3,1.8,0.3,0.1,0.1,0.3,,,,,,
CHA,Mouhamadou Gueye,Players/CHA/Mouhamadou Gueye,16.0,6.0,0.47,,0.7,,0.2,2.5,1.7,0.5,0.3,0.2,0.4,,,,,,
CHA,Moussa Diabaté,Players/CHA/Moussa Diabaté,72.0,24.5,0.63,,0.665,,0.0,8.2,8.5,1.8,0.8,1.0,1.0,-0.11960442820188544,127,-0.11207444094494481,128,25.5,146
CHA,Naz Reid,Players/CHA/Naz Reid,73.0,31.0,0.466,,0.755,,2.5,17.2,7.5,2.7,0.9,0.9,1.8,2.174026274017461,67,2.05125329781882,66,35.10000000000001,68
CHA,Pat Connaughton,Players/CHA/Pat Connaughton,24.0,5.0,0.42,,0.7,,0.4,2.0,1.1,0.3,0.2,0.0,0.2,,,,,,
CHA,PJ Hall,Players/CHA/PJ Hall,18.0,6.0,0.53,,0.76,,0.2,3.0,2.6,0.4,0.2,0.3,0.4,,,,,,
CHA,Royce O'Neale,Players/CHA/Royce O'Neale,70.0,18.0,0.418,,0.73,,1.6,6.5,3.6,1.8,0.7,0.3,0.8,-3.6702866311517948,219,-3.3911115467351025,221,16.52,225
CHA,Ryan Kalkbrenner,Players/CHA/Ryan Kalkbrenner,66.0,16.0,0.74,,0.72,,0.0,6.0,4.4,0.6,0.4,1.2,0.7,-2.3943674457750883,187,-2.148106655603602,186,16.280000000000005,228
CHA,Sion James,Players/CHA/Sion James,76.0,15.0,0.4,,0.82,,0.7,5.1,2.6,1.8,0.6,0.2,0.7,-5.280025245790839,258,-5.083184450944226,262,12.969999999999999,258
CHA,Tidjane Salaün,Players/CHA/Tidjane Salaün,48.0,10.0,0.445,,0.69,,0.8,4.8,3.1,0.6,0.3,0.2,0.6,,,,,,
CHA,Tre Mann,Players/CHA/Tre Mann,35.0,8.0,0.4,,0.85,,0.6,4.0,1.1,1.1,0.3,0.1,0.7,,,,,,
CHI,Caleb Wilson,Players/CHI/Caleb Wilson,70.0,29.0,0.48,,0.715,,0.8,14.4,7.8,2.2,1.0,1.1,2.3,-0.4561653186446558,137,-0.42146775844330864,137,31.459999999999997,90
CHI,Dailyn Swain,Players/CHI/Dailyn Swain,64.0,17.0,0.44,,0.79,,0.6,7.8,3.7,1.9,0.8,0.2,1.4,-4.64331975634251,247,-4.102151093971105,248,16.990000000000006,221
CHI,Isaac Okoro,Players/CHI/Isaac Okoro,55.0,8.0,0.45,,0.79,,0.4,3.4,1.0,0.6,0.3,0.2,0.2,,,,,,
CHI,Jalen Smith,Players/CHI/Jalen Smith,60.0,12.0,0.485,,0.745,,0.9,6.2,4.0,0.7,0.3,0.6,0.6,,,,,,
CHI,Jaylin Sellers,Players/CHI/Jaylin Sellers,,,0.435,,0.83,,0.8,4.0,1.0,0.4,0.2,0.1,0.4,,,,,,
CHI,Josh Giddey,Players/CHI/Josh Giddey,72.0,32.0,0.455,,0.77,,2.0,17.8,8.2,8.8,1.1,0.5,3.5,2.721373973396816,52,2.5500432655867447,49,43.14,17
CHI,Leonard Miller,Players/CHI/Leonard Miller,50.0,10.0,0.515,,0.755,,0.5,5.5,2.9,0.6,0.3,0.3,0.5,,,,,,
CHI,Matas Buzelis,Players/CHI/Matas Buzelis,75.0,32.0,0.465,,0.795,,2.4,18.2,6.3,2.4,0.8,1.4,2.3,2.362229701107482,64,2.2591539724990506,61,34.86,69
CHI,Nic Claxton,Players/CHI/Nic Claxton,68.0,28.0,0.59,,0.625,,0.0,11.8,7.8,3.0,0.8,1.4,1.5,0.29459960271050467,109,0.2682746809132961,108,30.760000000000005,96
CHI,Noa Essengue,Players/CHI/Noa Essengue,55.0,13.0,0.45,,0.73,,0.5,5.8,3.0,0.7,0.6,0.5,0.8,,,,,,
CHI,Norman Powell,Players/CHI/Norman Powell,66.0,30.0,0.458,,0.83,,2.7,18.8,3.3,2.4,1.0,0.2,1.8,0.6378556701562117,101,0.5722521882740969,101,29.51,107
CHI,Patrick Williams,Players/CHI/Patrick Williams,,,0.405,,0.735,,0.8,4.4,1.9,0.8,0.4,0.2,0.6,,,,,,
CHI,Rob Dillingham,Players/CHI/Rob Dillingham,44.0,5.0,0.415,,0.76,,0.3,2.5,0.8,0.8,0.2,0.0,0.5,,,,,,
CHI,Tobe Awaka,Players/CHI/Tobe Awaka,,,0.56,,0.64,,0.0,3.2,3.6,0.3,0.2,0.2,0.4,,,,,,
CHI,Tre Jones,Players/CHI/Tre Jones,70.0,24.0,0.515,,0.835,,0.5,11.6,2.8,4.9,1.1,0.1,1.2,-0.5192861902488356,139,-0.47978743155007786,139,24.96,155
CHI,Zach Collins,Players/CHI/Zach Collins,,,0.52,,0.71,,0.5,6.2,3.8,1.0,0.2,0.3,0.7,,,,,,
CLE,Craig Porter Jr,Players/CLE/Craig Porter Jr,42.0,10.0,0.465,,0.67,,0.3,3.3,1.9,1.9,0.5,0.3,0.7,,,,,,
CLE,Dennis Schröder,Players/CLE/Dennis Schröder,65.0,12.0,0.405,,0.835,,0.5,5.2,1.3,2.2,0.4,0.1,0.9,,,,,,
CLE,Donovan Mitchell,Players/CLE/Donovan Mitchell,70.0,33.0,0.47,,0.86,,3.2,26.8,4.4,5.3,1.3,0.3,2.7,5.9758830788769535,15,5.521336110024492,13,43.73,14
CLE,Ernest Udeh Jr,Players/CLE/Ernest Udeh Jr,18.0,6.0,0.6,,0.55,,0.0,1.8,1.8,0.2,0.1,0.4,0.3,,,,,,
CLE,Evan Mobley,Players/CLE/Evan Mobley,68.0,34.0,0.548,,0.68,,1.0,19.1,9.5,3.8,0.8,1.8,2.0,4.029965583662342,34,3.6698546810702446,34,42.5,20
CLE,James Harden,Players/CLE/James Harden,64.0,31.0,0.43,,0.875,,2.6,20.8,4.5,7.3,1.0,0.4,3.2,2.8122664970195856,50,2.4845030479602856,53,39.449999999999996,36
CLE,Jarrett Allen,Players/CLE/Jarrett Allen,67.0,29.0,0.655,,0.7,,0.0,14.3,9.3,1.8,0.9,1.0,1.3,2.5681927841506074,61,2.3214433846569533,59,32.56,81
CLE,Jaylon Tyson,Players/CLE/Jaylon Tyson,72.0,27.0,0.465,,0.75,,1.8,11.8,5.0,2.3,0.8,0.4,1.4,-1.6271668612481207,168,-1.524724619649567,173,24.349999999999998,157
CLE,Max Strus,Players/CLE/Max Strus,65.0,26.0,0.434,,0.81,,2.5,10.5,4.6,2.5,0.5,0.2,1.0,-1.7559195314615441,175,-1.5633433180321306,174,22.12,172
CLE,Meleek Thomas,Players/CLE/Meleek Thomas,48.0,5.0,0.405,,0.83,,0.6,2.5,0.7,0.4,0.2,0.1,0.3,,,,,,
CLE,Nae'Qwan Tomlin,Players/CLE/Nae'Qwan Tomlin,64.0,15.0,0.495,,0.75,,0.4,5.7,3.2,0.8,0.6,0.6,0.6,-4.530049883235094,243,-4.002082574406654,241,13.94,254
CLE,Olivier Sarr,Players/CLE/Olivier Sarr,0.0,0.0,,,,,0.0,0.0,0.0,0.0,0.0,0.0,0.0,,,,,,
CLE,Riley Minix,Players/CLE/Riley Minix,15.0,7.0,0.45,,0.78,,0.5,2.5,1.2,0.4,0.2,0.1,0.2,,,,,,
CLE,Sam Merrill,Players/CLE/Sam Merrill,66.0,20.0,0.43,,0.87,,2.3,9.4,2.1,1.8,0.6,0.1,0.7,-2.5829901516667504,190,-2.3173295084446695,191,17.17,220
CLE,Thomas Bryant,Players/CLE/Thomas Bryant,55.0,8.0,0.515,,0.76,,0.4,4.0,2.2,0.5,0.2,0.3,0.5,,,,,,
CLE,Tristan Enaruna,Players/CLE/Tristan Enaruna,16.0,7.0,0.44,,0.75,,0.3,2.2,1.1,0.3,0.3,0.1,0.3,,,,,,
CLE,Tyrese Proctor,Players/CLE/Tyrese Proctor,32.0,8.0,0.41,,0.85,,0.7,3.2,1.0,1.0,0.3,0.1,0.5,,,,,,
DAL,Brandon Williams,Players/DAL/Brandon Williams,12.0,5.0,0.43,2.5,0.78,0.5,0.2,3.5,0.7,1.2,0.2,0.0,0.5,,,,,,
DAL,Caleb Martin,Players/DAL/Caleb Martin,38.0,8.0,0.44,2.7,0.7,0.7,0.3,3.1,2.0,0.8,0.5,0.2,0.5,,,,,,
DAL,Cooper Flagg,Players/DAL/Cooper Flagg,72.0,36.0,0.485,19.2,0.83,5.7,1.6,24.8,7.3,5.2,1.3,1.0,2.6,6.640994159767914,9,6.222894243667306,9,46.459999999999994,9
DAL,Daniel Gafford,Players/DAL/Daniel Gafford,68.0,24.0,0.66,6.4,0.69,2.7,0.0,10.5,7.2,1.2,0.8,1.5,1.2,1.5799388141949784,85,1.4387581562939276,84,26.640000000000004,136
DAL,Dereck Lively II,Players/DAL/Dereck Lively II,38.0,20.0,0.65,5.0,0.7,1.8,0.0,8.0,6.8,1.8,0.6,1.5,1.2,0.30288231095213747,108,0.20618581434174077,112,23.96,162
DAL,Dwight Powell,Players/DAL/Dwight Powell,20.0,6.0,0.62,1.5,0.68,0.6,0.0,2.2,2.7,0.8,0.3,0.2,0.5,,,,,,
DAL,John Poulakidas,Players/DAL/John Poulakidas,12.0,5.0,0.41,2.4,0.85,0.2,0.8,3.2,0.8,0.4,0.2,0.1,0.3,,,,,,
DAL,Klay Thompson,Players/DAL/Klay Thompson,58.0,18.0,0.4,9.2,0.8,0.7,2.7,10.6,2.2,1.4,0.5,0.3,0.9,-4.21725401941147,234,-3.5468010749056393,224,18.19,211
DAL,Kyrie Irving,Players/DAL/Kyrie Irving,60.0,31.0,0.485,16.5,0.9,4.0,2.7,21.5,4.0,5.0,1.0,0.3,2.3,4.497066401292945,29,3.8467857552835074,29,36.75,54
DAL,Marcus Sasser,Players/DAL/Marcus Sasser,52.0,12.0,0.42,5.1,0.83,0.8,1.3,6.4,1.2,2.3,0.5,0.1,0.9,,,,,,
DAL,Max Christie,Players/DAL/Max Christie,74.0,29.0,0.45,9.7,0.88,1.8,2.3,12.9,3.4,2.1,0.7,0.4,1.2,-0.9924802029791598,152,-0.9428243411945381,154,23.380000000000003,165
DAL,Morez Johnson Jr,Players/DAL/Morez Johnson Jr,70.0,17.0,0.57,6.2,0.73,2.0,0.3,8.2,6.2,1.3,0.7,1.1,1.2,-0.9142434593580492,148,-0.8447028428902842,149,21.939999999999998,173
DAL,Moussa Cisse,Players/DAL/Moussa Cisse,8.0,4.0,0.58,1.3,0.52,0.5,0.0,1.8,2.4,0.2,0.2,0.5,0.3,,,,,,
DAL,Naji Marshall,Players/DAL/Naji Marshall,70.0,27.0,0.5,10.4,0.76,3.2,0.9,13.4,4.5,3.1,1.0,0.1,1.5,-1.4364629011657952,163,-1.3272004124297152,165,25.700000000000003,145
DAL,PJ Washington,Players/DAL/PJ Washington,66.0,28.0,0.445,10.8,0.72,2.6,1.6,13.2,6.5,1.8,0.9,1.0,1.5,-0.7376216943788351,145,-0.6617572728064974,144,28.7,114
DAL,Ryan Nembhard,Players/DAL/Ryan Nembhard,50.0,10.0,0.425,3.8,0.78,0.6,0.7,4.2,1.4,3.4,0.4,0.1,1.0,,,,,,
DAL,Santi Aldama,Players/DAL/Santi Aldama,62.0,24.0,0.475,9.9,0.7,2.3,1.5,12.7,6.4,2.6,0.8,0.6,1.3,-0.8353492824953722,147,-0.7263685340358256,146,27.93,127
DAL,Sergio De Larrea,Players/DAL/Sergio De Larrea,44.0,9.0,0.44,3.1,0.8,0.6,0.5,3.2,1.3,1.8,0.4,0.1,0.8,,,,,,
DAL,Tarik Biberovic,Players/DAL/Tarik Biberovic,60.0,18.0,0.44,7.1,0.85,1.0,2.0,8.4,2.8,1.2,0.5,0.1,0.8,-4.163081926082961,229,-3.5610957949675504,226,15.559999999999999,238
DAL,Tobi Lawal,Players/DAL/Tobi Lawal,9.0,2.0,0.5,0.5,0.7,0.1,0.0,0.7,0.8,0.1,0.1,0.1,0.1,,,,,,
DAL,Tyler Smith,Players/DAL/Tyler Smith,12.0,3.0,0.42,1.1,0.7,0.2,0.3,1.8,1.1,0.2,0.2,0.1,0.2,,,,,,
DAL,Vsevolod Ishchenko,Players/DAL/Vsevolod Ishchenko,0.0,0.0,,,,,0.0,0.0,0.0,0.0,0.0,0.0,0.0,,,,,,
DEN,Aaron Gordon,Players/DEN/Aaron Gordon,55.0,30.0,0.505,10.3,0.76,4.1,1.5,15.0,5.7,2.7,0.7,0.4,1.2,-0.06798884931037175,125,-0.055681651713674736,125,28.740000000000002,113
DEN,Alpha Diallo,Players/DEN/Alpha Diallo,36.0,5.0,0.455,1.5,0.76,0.4,0.2,1.8,0.9,0.3,0.3,0.1,0.3,,,,,,
DEN,Bryce Hopkins,Players/DEN/Bryce Hopkins,20.0,6.0,0.44,2.2,0.72,0.8,0.3,2.8,1.6,0.4,0.2,0.1,0.4,,,,,,
DEN,Cameron Johnson,Players/DEN/Cameron Johnson,58.0,31.0,0.475,9.4,0.84,2.2,2.2,13.0,4.0,2.4,0.7,0.4,0.9,0.09922283668864762,116,0.08344853361989184,117,24.900000000000002,156
DEN,Christian Braun,Players/DEN/Christian Braun,63.0,32.0,0.515,9.2,0.79,2.4,1.1,12.5,4.8,2.8,0.8,0.3,1.0,-0.2746713601236713,130,-0.24075578235711803,130,25.31,147
DEN,DaRon Holmes II,Players/DEN/DaRon Holmes II,32.0,5.0,0.505,1.4,0.76,0.5,0.4,2.2,1.1,0.4,0.1,0.3,0.3,,,,,,
DEN,Jamal Murray,Players/DEN/Jamal Murray,66.0,35.0,0.475,17.6,0.88,5.0,3.2,24.5,4.3,6.9,0.9,0.4,2.4,6.112037146366823,14,5.48341387474757,15,43.110000000000014,18
DEN,Julian Strawther,Players/DEN/Julian Strawther,62.0,15.0,0.455,5.4,0.82,1.2,1.1,7.0,2.0,1.1,0.4,0.1,0.6,-5.64143915091655,259,-4.905449698433503,261,12.500000000000002,260
DEN,KJ Simpson,Players/DEN/KJ Simpson,25.0,8.0,0.39,2.5,0.68,0.8,0.5,3.0,1.0,1.4,0.5,0.0,0.8,,,,,,
DEN,Marvin Bagley III,Players/DEN/Marvin Bagley III,59.0,14.0,0.58,5.2,0.67,1.8,0.2,7.4,4.4,0.9,0.4,0.6,0.7,,,,,,
DEN,Nikola Jokić,Players/DEN/Nikola Jokić,66.0,35.0,0.57,17.1,0.83,7.1,1.6,27.0,12.5,10.4,1.4,0.8,3.6,14.484701269290992,1,12.994949148634825,1,61.4,1
DEN,Peyton Watson,Players/DEN/Peyton Watson,62.0,26.0,0.485,9.4,0.74,3.0,1.2,12.5,4.3,1.9,0.9,1.0,1.5,-0.9696249534652277,150,-0.8431264271984275,148,25.31,148
DEN,Spencer Jones,Players/DEN/Spencer Jones,55.0,12.0,0.495,2.5,0.65,0.6,0.5,3.4,1.9,0.5,0.4,0.3,0.4,,,,,,
DEN,Trevon Brazile,Players/DEN/Trevon Brazile,50.0,12.0,0.465,4.0,0.71,1.4,0.6,5.3,3.1,0.7,0.4,0.6,0.7,,,,,,
DEN,Tyus Jones,Players/DEN/Tyus Jones,64.0,18.0,0.43,4.5,0.8,0.5,0.8,5.0,1.4,3.4,0.7,0.1,0.5,-4.718248782227132,252,-4.168347307377028,251,14.08,253
DEN,Zeke Nnaji,Players/DEN/Zeke Nnaji,48.0,8.0,0.48,2.3,0.75,0.7,0.2,2.9,1.8,0.4,0.2,0.3,0.3,,,,,,
DET,Ausar Thompson,Players/DET/Ausar Thompson,71.0,29.0,0.53,,0.61,,0.2,11.2,6.5,3.4,2.0,1.0,1.6,2.0183878809595863,74,1.878135311296954,73,31.6,86
DET,Cade Cunningham,Players/DET/Cade Cunningham,66.0,34.0,0.462,,0.825,,2.1,24.5,5.8,9.8,1.4,0.8,3.7,6.150294661969028,13,5.517736603298263,14,50.10999999999999,6
DET,Chaz Lanier,Players/DET/Chaz Lanier,35.0,7.0,0.385,,0.82,,0.7,2.7,0.7,0.4,0.2,0.1,0.2,,,,,,
DET,Daniss Jenkins,Players/DET/Daniss Jenkins,69.0,16.0,0.41,,0.825,,0.9,7.1,1.9,3.0,0.7,0.2,1.2,-4.69138471406264,251,-4.303468888566498,255,15.829999999999998,234
DET,Duncan Robinson,Players/DET/Duncan Robinson,70.0,21.0,0.45,,0.82,,2.3,9.8,2.1,1.7,0.5,0.2,0.6,-2.77394005221526,195,-2.5629442837455327,197,17.52,217
DET,Ebuka Okorie,Players/DET/Ebuka Okorie,58.0,13.0,0.425,,0.825,,0.8,6.8,1.8,2.2,0.7,0.1,1.2,,,,,,
DET,Elijah Harkless,Players/DET/Elijah Harkless,20.0,6.0,0.41,,0.7,,0.3,2.1,1.0,0.4,0.3,0.1,0.3,,,,,,
DET,Gary Harris,Players/DET/Gary Harris,45.0,8.0,0.44,,0.85,,0.4,2.0,1.0,0.7,0.4,0.1,0.3,,,,,,
DET,Isaac Jones,Players/DET/Isaac Jones,18.0,6.0,0.58,,0.7,,0.0,2.4,1.7,0.4,0.2,0.3,0.3,,,,,,
DET,Isaiah Joe,Players/DET/Isaiah Joe,72.0,23.0,0.45,,0.88,,2.7,11.7,2.7,1.4,0.7,0.2,0.7,-0.6609854887859563,141,-0.619371542024891,141,20.390000000000004,183
DET,Jalen Duren,Players/DET/Jalen Duren,68.0,29.5,0.66,,0.755,,0.0,18.8,10.8,2.1,0.8,0.9,1.9,4.554216146437038,28,4.147259101011719,27,38.11000000000001,43
DET,Javonte Green,Players/DET/Javonte Green,55.0,9.0,0.47,,0.78,,0.4,3.2,1.5,0.4,0.6,0.2,0.3,,,,,,
DET,John Collins,Players/DET/John Collins,67.0,28.0,0.555,,0.79,,1.2,14.8,6.8,1.5,0.7,1.0,1.4,1.6152339018139403,84,1.4600438406261471,82,29.510000000000005,106
DET,Kevin Huerter,Players/DET/Kevin Huerter,67.0,18.5,0.445,,0.8,,1.5,7.8,2.5,2.1,0.8,0.2,0.8,-3.141757872084315,204,-2.8399009113937024,203,16.900000000000002,222
DET,Paul Reed,Players/DET/Paul Reed,65.0,15.0,0.6,,0.68,,0.2,7.0,4.8,1.1,0.8,0.9,0.8,-2.2407247557358962,184,-1.9949787058369024,184,18.810000000000002,205
DET,Ron Holland II,Players/DET/Ron Holland II,75.0,18.0,0.44,,0.77,,0.7,8.0,3.8,1.2,1.0,0.3,1.1,-3.71303638569048,221,-3.5510183014096706,225,17.509999999999998,218
DET,Taurean Prince,Players/DET/Taurean Prince,50.0,12.0,0.445,,0.8,,1.0,4.6,1.9,0.8,0.3,0.1,0.5,,,,,,
DET,Tolu Smith,Players/DET/Tolu Smith,30.0,7.0,0.57,,0.68,,0.0,3.0,2.5,0.5,0.1,0.3,0.4,,,,,,
DET,Ugonna Onyenso,Players/DET/Ugonna Onyenso,12.0,5.0,0.56,,0.6,,0.0,1.5,1.8,0.2,0.1,0.7,0.3,,,,,,
DET,Wendell Moore Jr,Players/DET/Wendell Moore Jr,10.0,5.0,0.44,,0.75,,0.2,1.5,0.8,0.5,0.2,0.1,0.2,,,,,,
FA,LeBron James,Players/FA/LeBron James,58.0,29.0,0.505,15.0,0.745,4.3,1.7,20.5,6.4,6.0,0.9,0.5,3.0,1.716450963916735,79,1.4435720722111687,83,39.230000000000004,37
GSW,Al Horford,Players/GSW/Al Horford,50.0,18.0,0.44,,0.82,,1.2,6.7,4.4,2.0,0.6,0.8,0.8,-2.1216683585888125,182,-1.6567446452041943,176,18.98,202
GSW,Alex Toohey,Players/GSW/Alex Toohey,,7.0,0.42,,0.72,,0.4,2.8,1.8,0.6,0.4,0.2,0.5,,,,,,
GSW,Brandin Podziemski,Players/GSW/Brandin Podziemski,76.0,32.0,0.452,,0.802,,2.3,16.1,5.8,4.5,1.1,0.2,1.9,1.4308594659899758,88,1.3775166311571698,86,32.96,79
GSW,Charles Bassey,Players/GSW/Charles Bassey,43.0,9.0,0.62,,0.7,,0.0,4.4,3.8,0.6,0.3,0.7,0.6,,,,,,
GSW,De'Anthony Melton,Players/GSW/De'Anthony Melton,62.0,27.5,0.418,,0.82,,1.9,12.9,3.8,3.1,1.6,0.4,1.8,0.7874928166681676,97,0.6847554846737646,99,27.259999999999998,130
GSW,Draymond Green,Players/GSW/Draymond Green,62.0,27.0,0.43,,0.71,,1.2,7.9,5.5,5.7,1.0,0.7,2.6,-1.7174880461352362,173,-1.4934223329535417,172,26.15,140
GSW,Gary Payton II,Players/GSW/Gary Payton II,,13.0,0.58,,0.67,,0.3,5.8,2.8,1.2,0.8,0.2,0.6,,,,,,
GSW,Graham Ike,Players/GSW/Graham Ike,,7.0,0.54,,0.76,,0.1,3.6,1.8,0.5,0.2,0.2,0.6,,,,,,
GSW,Gui Santos,Players/GSW/Gui Santos,72.0,27.0,0.48,,0.755,,1.6,13.2,5.1,2.8,0.9,0.3,1.8,-1.4803913109901392,165,-1.3871896806272122,166,26.119999999999997,141
GSW,Jimmy Butler III,Players/GSW/Jimmy Butler III,30.0,27.5,0.48,,0.835,,0.5,16.4,4.8,4.0,1.2,0.2,1.8,0.2817046674201805,110,0.17039142846690708,114,30.81,95
GSW,Kristaps Porziņģis,Players/GSW/Kristaps Porziņģis,54.0,25.5,0.452,,0.85,,2.1,18.0,6.2,2.3,0.6,1.5,1.4,3.2985965383722533,40,2.6768199021024297,46,34.839999999999996,70
GSW,Lajae Jones,Players/GSW/Lajae Jones,35.0,8.0,0.425,,0.73,,0.4,3.4,1.9,0.7,0.5,0.2,0.5,,,,,,
GSW,LJ Cryer,Players/GSW/LJ Cryer,30.0,8.0,0.41,,0.88,,1.0,4.3,0.8,0.8,0.2,0.0,0.5,,,,,,
GSW,Malevy Leons,Players/GSW/Malevy Leons,22.0,7.0,0.44,,0.78,,0.3,2.3,1.5,0.5,0.4,0.3,0.4,,,,,,
GSW,Moses Moody,Players/GSW/Moses Moody,10.0,18.0,0.43,,0.78,,1.4,7.8,2.1,1.0,0.6,0.2,0.7,,,,,,
GSW,Nate Williams,Players/GSW/Nate Williams,,7.0,0.47,,0.82,,0.4,3.2,1.0,0.4,0.2,0.0,0.5,,,,,,
GSW,Nick Boyd,Players/GSW/Nick Boyd,,6.0,0.4,,0.78,,0.3,2.2,0.8,1.0,0.3,0.0,0.5,,,,,,
GSW,Reese Dixon-Waters,Players/GSW/Reese Dixon-Waters,,5.0,0.41,,0.76,,0.3,1.8,0.7,0.3,0.2,0.1,0.3,,,,,,
GSW,Seth Curry,Players/GSW/Seth Curry,,11.0,0.475,,0.9,,1.1,6.0,1.0,0.8,0.2,0.0,0.3,,,,,,
GSW,Stephen Curry,Players/GSW/Stephen Curry,52.0,30.5,0.462,,0.92,,4.1,25.2,3.7,5.2,1.0,0.3,2.8,6.386925908670576,11,5.086120248892661,19,40.589999999999996,28
GSW,Will Richard,Players/GSW/Will Richard,67.0,16.0,0.45,,0.82,,1.0,6.3,2.2,1.1,0.9,0.1,0.7,-4.187744239521555,231,-3.785389952603523,230,13.39,256
GSW,Yaxel Lendeborg,Players/GSW/Yaxel Lendeborg,73.0,25.5,0.468,,0.78,,1.2,10.8,6.2,2.3,1.2,0.8,1.6,0.37064908376775896,104,0.34971755608416033,103,26.689999999999998,135
HOU,Aaron Holiday,Players/HOU/Aaron Holiday,50.0,13.0,0.42,,0.85,,1.1,5.0,1.0,1.1,0.4,0.1,0.6,,,,,,
HOU,Alperen Şengün,Players/HOU/Alperen Şengün,70.0,32.0,0.52,,0.705,,0.5,20.5,8.6,5.8,1.1,1.0,3.0,2.0638881129157287,72,1.9069014260288137,71,43.06999999999999,19
HOU,Amen Thompson,Players/HOU/Amen Thompson,76.0,33.0,0.545,,0.765,,0.3,18.0,7.6,4.9,1.4,0.6,2.3,3.1507121321543075,42,3.0332527164213,41,38.32,40
HOU,Bogdan Bogdanović,Players/HOU/Bogdan Bogdanović,55.0,7.0,0.41,,0.825,,0.6,2.9,1.0,0.8,0.2,0.1,0.4,,,,,,
HOU,Bruce Thornton,Players/HOU/Bruce Thornton,42.0,2.0,0.42,,0.82,,0.2,1.0,0.3,0.3,0.1,0.0,0.1,,,,,,
HOU,Clint Capela,Players/HOU/Clint Capela,62.0,4.0,0.58,,0.56,,0.0,1.2,1.5,0.2,0.1,0.3,0.2,,,,,,
HOU,Fred VanVleet,Players/HOU/Fred VanVleet,62.0,27.0,0.39,,0.815,,2.3,12.5,3.2,5.2,1.2,0.4,1.5,0.5972442637467323,102,0.5193270041761522,102,28.59,117
HOU,Isaiah Crawford,Players/HOU/Isaiah Crawford,16.0,6.0,0.42,,0.75,,0.3,2.2,1.2,0.4,0.2,0.2,0.3,,,,,,
HOU,Jabari Smith Jr,Players/HOU/Jabari Smith Jr,74.0,29.0,0.45,,0.78,,2.0,13.5,5.9,1.5,0.6,0.8,1.1,-0.43119853401532526,136,-0.40962476887368837,136,26.93,133
HOU,Jae'Sean Tate,Players/HOU/Jae'Sean Tate,40.0,9.0,0.5,,0.7,,0.2,2.7,1.7,0.5,0.3,0.1,0.3,,,,,,
HOU,JD Davison,Players/HOU/JD Davison,20.0,6.0,0.4,,0.7,,0.2,1.8,0.9,0.9,0.2,0.1,0.4,,,,,,
HOU,Jeff Green,Players/HOU/Jeff Green,30.0,6.0,0.43,,0.75,,0.3,1.8,0.8,0.3,0.1,0.1,0.2,,,,,,
HOU,Kevin Durant,Players/HOU/Kevin Durant,66.0,31.0,0.515,,0.875,,2.1,22.8,5.0,4.2,0.7,0.8,2.7,4.154448161038654,32,3.727162996988709,33,37.949999999999996,45
HOU,Marcus Smart,Players/HOU/Marcus Smart,66.0,12.0,0.39,,0.8,,0.7,4.2,1.2,1.5,0.7,0.2,0.7,,,,,,
HOU,Quadir Copeland,Players/HOU/Quadir Copeland,18.0,6.0,0.44,,0.75,,0.1,2.1,0.9,0.9,0.3,0.0,0.4,,,,,,
HOU,Reed Sheppard,Players/HOU/Reed Sheppard,78.0,26.0,0.435,,0.815,,2.9,14.5,3.0,3.7,1.5,0.6,1.6,2.711648616556176,54,2.6446839940657485,48,29.8,104
HOU,Steven Adams,Players/HOU/Steven Adams,55.0,12.0,0.54,,0.59,,0.0,3.1,4.6,0.8,0.4,0.4,0.6,,,,,,
HOU,Tari Eason,Players/HOU/Tari Eason,66.0,25.0,0.425,,0.78,,1.5,10.5,6.0,1.4,1.2,0.5,1.3,-0.703712652216654,143,-0.631335777023863,143,24.349999999999998,158
HOU,Tristen Newton,Players/HOU/Tristen Newton,12.0,6.0,0.41,,0.74,,0.4,2.7,0.8,0.6,0.2,0.1,0.4,,,,,,
IND,Aaron Nesmith,Players/IND/Aaron Nesmith,62.0,26.0,0.447,,0.835,,2.0,10.8,3.8,1.5,0.7,0.4,0.9,-1.4749059509994213,164,-1.2824878118861616,164,21.01,178
IND,Andrew Nembhard,Players/IND/Andrew Nembhard,66.0,30.0,0.462,,0.825,,1.5,14.0,3.1,5.4,0.9,0.2,1.9,-0.6942828006450747,142,-0.6228757860738497,142,27.970000000000002,126
IND,Ben Sheppard,Players/IND/Ben Sheppard,58.0,10.0,0.43,,0.8,,0.8,2.9,1.3,0.7,0.3,0.1,0.3,,,,,,
IND,Braden Smith,Players/IND/Braden Smith,18.0,6.0,0.41,,0.8,,0.3,1.8,0.6,1.3,0.3,0.0,0.5,,,,,,
IND,Ethan Thompson,Players/IND/Ethan Thompson,26.0,8.0,0.45,,0.78,,0.4,2.6,0.9,0.8,0.3,0.1,0.4,,,,,,
IND,Ivica Zubac,Players/IND/Ivica Zubac,66.0,30.0,0.615,,0.69,,0.0,14.8,11.2,2.4,0.5,1.0,1.6,1.2987223210588774,93,1.16514867697946,93,34.74,71
IND,Jarace Walker,Players/IND/Jarace Walker,72.0,22.0,0.44,,0.75,,1.4,9.0,4.4,2.0,0.7,0.4,1.3,-3.323021543180239,208,-3.1138126514120334,213,19.98,186
IND,Jay Huff,Players/IND/Jay Huff,72.0,8.0,0.48,,0.82,,0.8,3.9,1.6,0.4,0.3,0.7,0.3,,,,,,
IND,Johnny Furphy,Players/IND/Johnny Furphy,28.0,10.0,0.455,,0.74,,0.7,3.2,2.5,0.7,0.3,0.2,0.4,,,,,,
IND,Kelly Oubre Jr,Players/IND/Kelly Oubre Jr,62.0,25.0,0.455,,0.765,,1.4,11.3,4.1,1.3,1.1,0.4,1.1,-1.6474087761352014,170,-1.4324856952106246,169,22.269999999999996,170
IND,Kobe Brown,Players/IND/Kobe Brown,24.0,8.0,0.5,,0.7,,0.3,2.7,1.5,0.5,0.2,0.1,0.4,,,,,,
IND,Larry Nance Jr,Players/IND/Larry Nance Jr,42.0,8.0,0.5,,0.65,,0.3,2.1,1.8,0.7,0.4,0.2,0.4,,,,,,
IND,Obi Toppin,Players/IND/Obi Toppin,64.0,16.0,0.54,,0.75,,0.8,7.6,3.0,1.2,0.4,0.2,0.6,-4.776122022005973,254,-4.219475548878411,253,14.6,252
IND,Pascal Siakam,Players/IND/Pascal Siakam,68.0,32.0,0.505,,0.735,,1.5,21.2,6.7,3.6,1.0,0.4,1.9,1.3587766901115892,92,1.2373587052332884,91,37.690000000000005,47
IND,Quenton Jackson,Players/IND/Quenton Jackson,40.0,8.0,0.46,,0.82,,0.3,3.1,0.8,1.0,0.4,0.1,0.5,,,,,,
IND,T.J. McConnell,Players/IND/T.J. McConnell,58.0,15.0,0.53,,0.8,,0.2,7.5,2.0,4.1,0.9,0.1,0.9,-3.121013721190172,202,-2.6248394737809386,199,18.250000000000004,210
IND,Taelon Peter,Players/IND/Taelon Peter,30.0,7.0,0.43,,0.75,,0.5,2.4,0.9,0.5,0.3,0.1,0.4,,,,,,
IND,Tyrese Haliburton,Players/IND/Tyrese Haliburton,66.0,32.0,0.472,,0.854,,2.6,18.4,3.5,9.1,1.3,0.5,1.9,6.20962608579447,12,5.570965787745605,11,41.05,26
LAC,Baba Miller,Players/LAC/Baba Miller,46.0,10.0,0.5,,0.675,,0.3,4.4,3.2,1.0,0.4,0.5,0.8,,,,,,
LAC,Bennedict Mathurin,Players/LAC/Bennedict Mathurin,65.0,29.0,0.44,,0.865,,1.4,17.5,5.1,2.5,0.8,0.2,2.2,-1.2212167248813834,157,-1.087282744171814,157,28.869999999999997,110
LAC,Brook Lopez,Players/LAC/Brook Lopez,66.0,22.0,0.43,,0.77,,1.5,8.4,3.7,1.3,0.5,1.2,0.8,-2.101409581508448,180,-1.8852795197130736,183,19.84,189
LAC,Cam Christie,Players/LAC/Cam Christie,48.0,9.0,0.41,,0.77,,0.5,3.4,1.4,0.6,0.4,0.1,0.4,,,,,,
LAC,Darius Garland,Players/LAC/Darius Garland,62.0,32.0,0.455,,0.865,,2.6,19.4,2.5,7.2,1.0,0.2,2.9,1.939857801882263,75,1.686781442586544,77,35.2,65
LAC,Derrick Jones Jr,Players/LAC/Derrick Jones Jr,62.0,26.0,0.495,,0.76,,1.0,9.2,3.5,1.3,0.9,0.9,0.8,-1.4033461858471357,161,-1.2202638263045353,160,20.449999999999996,182
LAC,Isaiah Jackson,Players/LAC/Isaiah Jackson,64.0,18.0,0.62,,0.65,,0.0,7.1,5.5,0.9,0.7,1.0,1.0,-2.6476132046774365,193,-2.3390397331875548,193,19.15,200
LAC,Jordan Miller,Players/LAC/Jordan Miller,68.0,12.0,0.515,,0.78,,0.4,5.4,1.7,1.2,0.5,0.1,0.6,,,,,,
LAC,Kawhi Leonard,Players/LAC/Kawhi Leonard,60.0,32.0,0.5,,0.885,,2.4,25.8,6.2,3.8,1.6,0.5,2.0,8.702195617749059,5,7.443848757141579,5,44.44,13
LAC,Keaton Wagler,Players/LAC/Keaton Wagler,70.0,28.0,0.435,,0.81,,2.2,14.6,4.0,4.0,0.9,0.3,2.1,-0.826374115806226,146,-0.7635171548316074,147,27.999999999999996,125
LAC,Kobe Sanders,Players/LAC/Kobe Sanders,72.0,14.0,0.46,,0.82,,0.9,5.8,1.9,1.2,0.5,0.1,0.8,,,,,,
LAC,Kris Dunn,Players/LAC/Kris Dunn,72.0,22.0,0.455,,0.76,,0.8,6.3,3.0,3.8,1.4,0.2,1.3,-1.9351459236513096,177,-1.8133141122001577,180,19.499999999999996,195
LAC,Narcisse Ngoy,Players/LAC/Narcisse Ngoy,0.0,0.0,,,,,0.0,0.0,0.0,0.0,0.0,0.0,0.0,,,,,,
LAC,Nick Martinelli,Players/LAC/Nick Martinelli,28.0,9.0,0.465,,0.8,,0.4,4.2,1.9,0.6,0.3,0.1,0.4,,,,,,
LAC,Norchad Omier,Players/LAC/Norchad Omier,22.0,9.0,0.57,,0.73,,0.1,4.0,3.8,0.8,0.4,0.2,0.7,,,,,,
LAC,Rui Hachimura,Players/LAC/Rui Hachimura,65.0,23.0,0.51,,0.72,,1.5,10.3,3.2,0.8,0.6,0.3,0.7,-3.4293138668332137,212,-3.0532121905872462,209,18.09,212
LAC,Sean Pedulla,Players/LAC/Sean Pedulla,20.0,8.0,0.42,,0.835,,0.6,4.0,1.1,1.6,0.3,0.0,0.7,,,,,,
LAC,Yanic Konan Niederhauser,Players/LAC/Yanic Konan Niederhauser,40.0,12.0,0.62,,0.74,,0.0,4.8,3.4,0.4,0.2,0.8,0.7,,,,,,
LAL,Adou Thiero,Players/LAL/Adou Thiero,40.0,,0.5,1.9,0.66,0.8,0.1,2.4,1.5,0.5,0.4,0.2,0.5,,,,,,
LAL,AK Okereke,Players/LAL/AK Okereke,12.0,,0.455,1.8,0.7,0.4,0.3,2.1,1.1,0.4,0.2,0.2,0.4,,,,,,
LAL,Austin Reaves,Players/LAL/Austin Reaves,67.0,34.0,0.485,15.5,0.87,7.0,2.4,23.6,4.8,6.2,1.1,0.4,3.0,5.786785379935308,19,5.230796816183484,18,41.36,25
LAL,Bronny James,Players/LAL/Bronny James,22.0,,0.4,2.1,0.75,0.3,0.4,2.2,0.6,0.9,0.4,0.1,0.5,,,,,,
LAL,Cameron Carr,Players/LAL/Cameron Carr,64.0,8.0,0.425,3.2,0.79,0.8,0.8,4.2,1.7,0.6,0.3,0.3,0.6,,,,,,
LAL,Chris Mañon,Players/LAL/Chris Mañon,18.0,,0.43,2.2,0.7,0.5,0.3,2.4,1.4,0.5,0.7,0.3,0.4,,,,,,
LAL,Collin Sexton,Players/LAL/Collin Sexton,68.0,24.0,0.48,10.0,0.855,3.2,1.4,14.3,2.4,3.5,0.9,0.1,2.1,-1.6230050849753423,167,-1.4779760980203498,171,24.029999999999998,161
LAL,Dalton Knecht,Players/LAL/Dalton Knecht,35.0,,0.445,3.6,0.75,0.5,0.8,4.3,1.2,0.4,0.2,0.1,0.4,,,,,,
LAL,Jaden Hardy,Players/LAL/Jaden Hardy,42.0,,0.425,4.8,0.78,0.9,1.2,6.2,0.9,0.8,0.2,0.1,0.8,,,,,,
LAL,Jake LaRavia,Players/LAL/Jake LaRavia,74.0,18.0,0.465,4.8,0.78,1.2,0.9,6.3,3.1,1.3,0.8,0.3,0.8,-3.9918165746602217,224,-3.7920976366845367,231,14.919999999999998,249
LAL,Jarred Vanderbilt,Players/LAL/Jarred Vanderbilt,58.0,8.0,0.475,1.9,0.6,0.6,0.2,2.2,2.4,0.7,0.5,0.2,0.5,,,,,,
LAL,Kevon Looney,Players/LAL/Kevon Looney,58.0,14.0,0.55,2.8,0.7,0.8,0.0,3.6,5.5,1.5,0.4,0.4,0.5,,,,,,
LAL,Luka Dončić,Players/LAL/Luka Dončić,66.0,34.0,0.48,21.8,0.79,9.0,3.8,32.0,7.8,9.0,1.5,0.5,4.1,9.021058391407173,4,8.09324216521725,4,58.66,2
LAL,Peter Suder,Players/LAL/Peter Suder,15.0,,0.455,2.1,0.8,0.4,0.5,2.8,0.9,0.8,0.3,0.1,0.4,,,,,,
LAL,Quentin Grimes,Players/LAL/Quentin Grimes,72.0,30.0,0.45,10.4,0.845,3.0,2.1,14.2,3.7,3.2,1.0,0.4,1.7,0.06061459966152555,120,0.056798460327073634,120,26.990000000000002,132
LAL,Sandro Mamukelashvili,Players/LAL/Sandro Mamukelashvili,72.0,26.0,0.515,9.5,0.755,2.3,1.6,13.0,6.0,2.2,0.7,0.5,1.2,0.09725331512074942,117,0.09113049647127294,116,26.700000000000003,134
LAL,Walker Kessler,Players/LAL/Walker Kessler,65.0,30.0,0.675,7.8,0.7,3.0,0.3,12.9,11.8,2.1,0.7,2.4,1.4,7.157233817317594,7,6.372281567244536,8,38.260000000000005,41
LAL,Ziaire Williams,Players/LAL/Ziaire Williams,64.0,14.0,0.435,4.6,0.83,1.1,0.9,6.1,2.2,0.7,0.7,0.3,0.7,,,,,,
MEM,AJ Johnson,Players/MEM/AJ Johnson,20.0,8.0,0.35,3.0,0.8,0.6,0.3,3.1,1.0,1.0,0.2,0.1,0.6,,,,,,
MEM,Cam Spencer,Players/MEM/Cam Spencer,68.0,19.0,0.468,6.3,0.92,1.4,1.7,9.1,2.0,4.3,0.5,0.1,1.0,-2.2930934197778097,185,-2.0881864735567586,185,19.6,193
MEM,Cameron Boozer,Players/MEM/Cameron Boozer,72.0,30.0,0.51,14.0,0.79,4.6,1.4,18.3,8.3,3.5,1.0,0.6,2.4,2.8767453160150582,49,2.695632827984991,45,36.61000000000001,55
MEM,Carson Cooper,Players/MEM/Carson Cooper,18.0,8.0,0.59,2.0,0.74,0.8,0.0,2.8,2.3,0.3,0.1,0.4,0.4,,,,,,
MEM,Cedric Coward,Players/MEM/Cedric Coward,70.0,30.0,0.47,12.0,0.845,3.2,1.8,15.6,6.3,3.3,0.8,0.5,1.9,1.0168539013208866,95,0.9395083688681214,94,31.009999999999998,93
MEM,D'Angelo Russell,Players/MEM/D'Angelo Russell,40.0,15.0,0.41,7.0,0.76,1.8,1.0,8.0,1.8,3.3,0.4,0.1,1.5,-6.972915323795069,262,-4.870095311974414,260,15.61,237
MEM,GG Jackson,Players/MEM/GG Jackson,56.0,9.0,0.455,4.2,0.74,1.2,0.6,5.0,1.8,0.6,0.3,0.3,0.7,,,,,,
MEM,Isaiah Stewart,Players/MEM/Isaiah Stewart,64.0,18.0,0.545,5.7,0.75,1.8,0.5,8.0,4.6,0.9,0.3,1.2,0.9,-2.588323099106736,191,-2.286659758473065,189,18.72,207
MEM,Jahmai Mashack,Players/MEM/Jahmai Mashack,28.0,12.0,0.41,3.5,0.6,0.7,0.3,3.4,1.7,1.4,0.8,0.3,0.9,,,,,,
MEM,Javon Small,Players/MEM/Javon Small,30.0,14.0,0.445,5.0,0.82,1.2,1.0,6.4,2.1,2.6,0.6,0.1,1.0,,,,,,
MEM,Jaylen Wells,Players/MEM/Jaylen Wells,72.0,26.0,0.432,10.0,0.79,2.2,1.9,12.5,3.3,1.7,0.9,0.1,1.1,-2.865221025037844,197,-2.684834076734928,200,21.86,174
MEM,Jerami Grant,Players/MEM/Jerami Grant,60.0,20.0,0.445,8.8,0.815,3.6,1.7,13.3,2.8,1.5,0.5,0.4,1.4,-3.396368394760175,211,-2.9052498662021593,207,21.060000000000002,177
MEM,Karim Lopez,Players/MEM/Karim Lopez,35.0,10.0,0.44,4.0,0.72,1.0,0.4,4.3,2.2,0.6,0.3,0.4,0.6,,,,,,
MEM,Kentavious Caldwell-Pope,Players/MEM/Kentavious Caldwell-Pope,45.0,12.0,0.415,4.2,0.88,0.8,0.7,4.2,1.5,1.4,0.5,0.1,0.7,,,,,,
MEM,Kris Murray,Players/MEM/Kris Murray,30.0,10.0,0.45,2.4,0.68,0.5,0.3,2.8,1.7,0.6,0.5,0.2,0.4,,,,,,
MEM,Olivier-Maxence Prosper,Players/MEM/Olivier-Maxence Prosper,58.0,7.0,0.52,2.5,0.74,0.8,0.4,3.4,1.3,0.4,0.3,0.1,0.4,,,,,,
MEM,Quinten Post,Players/MEM/Quinten Post,64.0,9.0,0.445,3.4,0.79,0.4,0.7,3.9,2.1,0.7,0.2,0.3,0.5,,,,,,
MEM,Richie Saunders,Players/MEM/Richie Saunders,20.0,10.0,0.42,3.6,0.8,0.8,0.8,4.1,1.5,0.6,0.5,0.1,0.5,,,,,,
MEM,Scotty Pippen Jr,Players/MEM/Scotty Pippen Jr,55.0,17.0,0.455,7.0,0.76,1.8,0.7,8.8,2.1,3.9,1.3,0.3,2.0,-3.1881803890000646,205,-2.611062723098453,198,20.32,184
MEM,Taj Gibson,Players/MEM/Taj Gibson,8.0,6.0,0.5,1.5,0.75,0.4,0.0,1.7,1.8,0.3,0.1,0.2,0.2,,,,,,
MEM,Taylor Hendricks,Players/MEM/Taylor Hendricks,55.0,5.0,0.455,2.0,0.7,0.4,0.4,2.2,1.2,0.3,0.2,0.2,0.3,,,,,,
MEM,Ty Jerome,Players/MEM/Ty Jerome,58.0,24.0,0.475,11.8,0.875,3.0,2.3,15.9,2.7,5.4,1.0,0.2,1.8,1.795965993855924,78,1.5104459176948295,80,30.19,101
MEM,Walter Clayton Jr,Players/MEM/Walter Clayton Jr,50.0,16.0,0.395,5.4,0.88,1.4,0.9,6.4,1.7,3.4,0.5,0.2,1.4,-5.797136334682418,260,-4.526802947842392,256,14.69,251
MEM,Zach Edey,Players/MEM/Zach Edey,57.0,26.0,0.61,8.8,0.735,2.8,0.1,13.5,10.5,1.2,0.5,1.8,2.1,2.720213943539814,53,2.2679504614051984,60,32.75,80
MIA,Andrew Wiggins,Players/MIA/Andrew Wiggins,68.0,31.0,0.48,,0.79,,2.1,15.3,4.6,2.4,1.0,0.8,1.4,1.4616053887519298,86,1.3309988054325246,87,29.470000000000002,108
MIA,Bam Adebayo,Players/MIA/Bam Adebayo,72.0,34.0,0.49,,0.79,,1.0,18.2,9.0,4.0,1.2,0.8,2.0,3.5574018744466485,39,3.3334369996914703,37,39.5,35
MIA,Bobby Portis,Players/MIA/Bobby Portis,68.0,22.0,0.495,,0.73,,1.6,11.2,5.8,1.3,0.5,0.2,0.8,-2.5764155748563864,189,-2.3461914404679454,194,22.21,171
MIA,Davion Mitchell,Players/MIA/Davion Mitchell,72.0,29.0,0.475,,0.67,,1.3,9.4,2.8,6.3,1.1,0.2,1.6,-1.7472544308683329,174,-1.6372517846714576,175,25.16,151
MIA,Dru Smith,Players/MIA/Dru Smith,66.0,12.0,0.42,,0.82,,0.4,4.2,1.8,2.0,1.0,0.2,0.7,,,,,,
MIA,Giannis Antetokounmpo,Players/MIA/Giannis Antetokounmpo,60.0,34.0,0.605,,0.665,,0.7,28.2,10.7,6.3,1.1,0.9,3.5,5.509774441072736,21,4.713055121589939,23,53.339999999999996,4
MIA,Myron Gardner,Players/MIA/Myron Gardner,54.0,5.0,0.5,,0.75,,0.2,2.1,1.5,0.5,0.3,0.1,0.2,,,,,,
MIA,Nikola Jović,Players/MIA/Nikola Jović,55.0,8.0,0.405,,0.73,,0.5,3.7,1.8,1.1,0.3,0.2,0.7,,,,,,
MIA,Pelle Larsson,Players/MIA/Pelle Larsson,72.0,24.0,0.495,,0.8,,0.8,10.1,3.3,3.1,0.7,0.2,1.3,-3.0923974546682698,200,-2.897708062501763,206,20.51,180
MIA,Ryan Conwell,Players/MIA/Ryan Conwell,45.0,6.0,0.41,,0.82,,0.7,2.7,0.8,0.4,0.2,0.0,0.2,,,,,,
MIA,Simone Fontecchio,Players/MIA/Simone Fontecchio,65.0,10.0,0.42,,0.84,,1.1,5.3,1.9,0.8,0.3,0.1,0.4,,,,,,
MIA,Tim Hardaway Jr,Players/MIA/Tim Hardaway Jr,74.0,25.0,0.445,,0.82,,2.5,12.3,2.5,1.4,0.5,0.1,0.6,-2.3735617238302167,186,-2.254807462997614,188,19.849999999999998,188
MIA,Tre Donaldson,Players/MIA/Tre Donaldson,24.0,5.0,0.42,,0.76,,0.2,1.8,0.5,0.8,0.2,0.0,0.4,,,,,,
MIA,Vladislav Goldin,Players/MIA/Vladislav Goldin,20.0,4.0,0.6,,0.65,,0.0,1.5,1.2,0.2,0.1,0.3,0.2,,,,,,
MIL,AJ Green,Players/MIL/AJ Green,70.0,10.0,0.425,3.2,0.86,0.4,1.1,4.0,1.1,0.8,0.2,0.0,0.5,,,,,,
MIL,Bogoljub Marković,Players/MIL/Bogoljub Marković,35.0,3.0,0.47,1.4,0.73,0.4,0.1,1.2,0.7,0.2,0.1,0.1,0.2,,,,,,
MIL,Brayden Burries,Players/MIL/Brayden Burries,70.0,17.0,0.447,8.2,0.78,2.0,1.1,9.3,3.3,2.0,0.8,0.3,1.4,-4.026373494438248,226,-3.7201131738784388,229,18.709999999999997,208
MIL,Caris LeVert,Players/MIL/Caris LeVert,55.0,6.0,0.425,2.8,0.75,0.5,0.3,2.6,0.8,1.1,0.3,0.2,0.5,,,,,,
MIL,Cormac Ryan,Players/MIL/Cormac Ryan,15.0,,0.44,4.2,0.85,0.7,1.0,4.3,1.3,0.6,0.3,0.1,0.5,,,,,,
MIL,Gary Trent Jr,Players/MIL/Gary Trent Jr,62.0,8.0,0.405,3.4,0.79,0.4,0.7,3.1,0.6,0.5,0.3,0.0,0.3,,,,,,
MIL,Jaime Jaquez Jr,Players/MIL/Jaime Jaquez Jr,72.0,24.0,0.5,10.5,0.77,3.0,0.7,13.0,4.7,4.0,0.7,0.3,1.8,-1.9397688230656835,178,-1.8176459657544102,181,26.19,139
MIL,Jericho Sims,Players/MIL/Jericho Sims,45.0,4.0,0.68,1.0,0.62,0.6,0.0,1.1,1.4,0.3,0.1,0.1,0.2,,,,,,
MIL,Kam Jones,Players/MIL/Kam Jones,8.0,,0.43,3.0,0.8,0.5,0.4,2.5,0.8,0.5,0.2,0.1,0.4,,,,,,
MIL,Kasparas Jakučionis,Players/MIL/Kasparas Jakučionis,68.0,15.0,0.43,5.2,0.87,1.3,1.1,6.8,2.3,2.8,0.6,0.1,1.0,-4.536955261645482,244,-4.131540619665747,249,15.41,242
MIL,Kel'el Ware,Players/MIL/Kel'el Ware,74.0,24.0,0.535,9.0,0.74,1.6,1.2,12.4,9.4,0.8,0.8,1.2,0.9,2.9240481859416567,47,2.77775193525892,44,30.580000000000005,98
MIL,Kevin Porter Jr,Players/MIL/Kevin Porter Jr,50.0,12.0,0.455,6.4,0.85,2.0,0.5,6.8,2.2,3.0,0.9,0.2,1.4,,,,,,
MIL,Kyle Kuzma,Players/MIL/Kyle Kuzma,62.0,20.0,0.47,9.2,0.73,2.2,0.9,10.5,4.0,2.2,0.5,0.3,1.4,-4.669292350897972,249,-4.060130428046716,247,20.05,185
MIL,Malique Lewis,Players/MIL/Malique Lewis,30.0,9.0,0.445,2.7,0.75,0.6,0.5,3.1,2.0,0.7,0.5,0.2,0.5,,,,,,
MIL,Myles Turner,Players/MIL/Myles Turner,65.0,23.0,0.45,8.8,0.76,2.3,1.8,11.5,5.2,1.2,0.6,1.5,1.0,-0.12229833286948577,128,-0.10888555999991573,127,25.740000000000002,144
MIL,Nate Ament,Players/MIL/Nate Ament,55.0,5.0,0.415,2.7,0.78,0.8,0.3,2.5,1.2,0.4,0.2,0.2,0.4,,,,,,
MIL,Ousmane Dieng,Players/MIL/Ousmane Dieng,66.0,14.0,0.43,6.0,0.71,1.0,0.8,6.2,2.8,2.1,0.5,0.3,1.2,,,,,,
MIL,Pete Nance,Players/MIL/Pete Nance,20.0,,0.48,2.6,0.65,0.3,0.6,2.8,1.4,0.5,0.2,0.2,0.3,,,,,,
MIL,Ryan Rollins,Players/MIL/Ryan Rollins,70.0,27.0,0.47,13.2,0.8,2.4,2.1,16.4,4.2,5.4,1.4,0.4,2.5,1.8820547611373928,76,1.7388989671572144,75,33.489999999999995,78
MIL,Tyler Herro,Players/MIL/Tyler Herro,60.0,28.0,0.466,16.7,0.89,4.0,2.6,20.8,4.5,4.5,0.7,0.3,2.1,2.5040714054012887,62,2.1419799827151693,64,35.15,67
MIN,Anthony Edwards,Players/MIN/Anthony Edwards,68.0,35.0,0.48,,0.81,,3.3,27.5,5.1,4.4,1.3,0.7,2.8,5.845224376905189,17,5.322905021436216,16,45.07,10
MIN,Ayo Dosunmu,Players/MIN/Ayo Dosunmu,68.0,31.0,0.515,,0.865,,1.7,14.5,3.8,3.8,1.0,0.3,1.5,1.6601073273753293,82,1.511762946846502,79,28.009999999999998,124
MIN,Bones Hyland,Players/MIN/Bones Hyland,45.0,10.0,0.43,,0.77,,0.9,4.6,1.0,1.4,0.4,0.1,0.6,,,,,,
MIN,Donte DiVincenzo,Players/MIN/Donte DiVincenzo,8.0,,0.405,,0.76,,2.0,8.5,3.0,2.5,0.8,0.2,1.0,,,,,,
MIN,Enrique Freeman,Players/MIN/Enrique Freeman,15.0,8.0,0.53,,0.7,,0.2,3.0,2.0,0.4,0.3,0.4,0.4,,,,,,
MIN,Isaiah Evans,Players/MIN/Isaiah Evans,25.0,8.0,0.41,,0.76,,0.7,3.0,0.8,0.3,0.2,0.1,0.4,,,,,,
MIN,Jaden McDaniels,Players/MIN/Jaden McDaniels,70.0,34.0,0.505,,0.82,,1.4,14.2,4.8,2.4,1.2,1.0,1.7,2.100595519538507,69,1.9408167364551663,69,29.160000000000004,109
MIN,Jaylen Clark,Players/MIN/Jaylen Clark,40.0,10.0,0.44,,0.66,,0.4,3.0,1.4,0.5,0.5,0.1,0.3,,,,,,
MIN,Joan Beringer,Players/MIN/Joan Beringer,60.0,14.0,0.64,,0.62,,0.0,6.3,4.7,0.6,0.4,1.2,0.7,,,,,,
MIN,Josh Green,Players/MIN/Josh Green,65.0,19.0,0.465,,0.82,,1.2,5.5,2.2,1.4,0.7,0.1,0.7,-4.5068943346389645,241,-4.012611635608428,243,12.540000000000001,259
MIN,LaMelo Ball,Players/MIN/LaMelo Ball,62.0,33.0,0.42,,0.89,,3.4,19.0,5.0,7.8,1.3,0.3,2.8,5.135702916296041,24,4.4656924674788785,25,40.400000000000006,29
MIN,Rocco Zikarsky,Players/MIN/Rocco Zikarsky,12.0,8.0,0.61,,0.6,,0.0,3.0,2.6,0.3,0.1,0.8,0.4,,,,,,
MIN,Rudy Gobert,Players/MIN/Rudy Gobert,69.0,30.0,0.67,,0.56,,0.0,10.2,10.2,1.5,0.7,1.5,1.3,0.7826360938009292,99,0.7179223802826544,97,29.99,103
MIN,Terrence Shannon Jr,Players/MIN/Terrence Shannon Jr,70.0,22.0,0.47,,0.79,,1.2,9.4,2.5,1.3,0.6,0.2,1.0,-4.365180502312157,238,-4.033149313008376,244,16.350000000000005,226
MIN,Trey Kaufman-Renn,Players/MIN/Trey Kaufman-Renn,25.0,8.0,0.545,2.5,0.7,0.8,0.1,3.2,2.2,0.6,0.2,0.2,0.4,,,,,,
MIN,Trey Lyles,Players/MIN/Trey Lyles,68.0,18.0,0.455,,0.77,,1.3,7.0,3.6,1.1,0.4,0.3,0.7,-4.612587244824648,246,-4.200414256858561,252,15.020000000000003,245
MIN,Zyon Pullin,Players/MIN/Zyon Pullin,15.0,8.0,0.46,,0.8,,0.4,3.5,1.1,1.4,0.3,0.0,0.5,,,,,,
NOP,Bryce McGowens,Players/NOP/Bryce McGowens,44.0,9.0,0.46,,0.78,,0.4,3.7,1.1,0.7,0.3,0.1,0.3,,,,,,
NOP,DeAndre Jordan,Players/NOP/DeAndre Jordan,14.0,8.0,0.65,,0.6,,0.0,2.1,2.8,0.3,0.1,0.4,0.4,,,,,,
NOP,Dejounte Murray,Players/NOP/Dejounte Murray,64.0,30.0,0.465,,0.835,,1.5,17.0,5.3,6.5,1.5,0.3,2.8,2.6683987875811734,58,2.357402802310874,57,36.46,56
NOP,Derik Queen,Players/NOP/Derik Queen,78.0,27.0,0.48,,0.79,,0.4,12.8,7.4,3.9,1.0,0.9,2.2,0.22600240827269802,113,0.2204212404696479,111,31.230000000000008,91
NOP,Herb Jones,Players/NOP/Herb Jones,66.0,28.0,0.42,,0.8,,1.3,9.0,3.5,2.8,1.7,0.6,1.2,0.6538723429411593,100,0.5866215456050613,100,23.75,163
NOP,Hunter Dickinson,Players/NOP/Hunter Dickinson,12.0,7.0,0.45,,0.75,,0.1,2.0,1.5,0.4,0.1,0.3,0.3,,,,,,
NOP,Jaron Pierre Jr,Players/NOP/Jaron Pierre Jr,12.0,5.0,0.395,,0.76,,0.3,2.0,0.8,0.3,0.2,0.1,0.4,,,,,,
NOP,Jeremiah Fears,Players/NOP/Jeremiah Fears,78.0,26.0,0.438,,0.795,,1.3,14.8,3.8,3.9,1.2,0.4,2.2,-1.044486551432831,155,-1.0186927788968239,156,28.46,121
NOP,Jordan Hawkins,Players/NOP/Jordan Hawkins,40.0,8.0,0.385,,0.85,,0.6,3.3,0.9,0.5,0.2,0.1,0.4,,,,,,
NOP,Jordan Poole,Players/NOP/Jordan Poole,60.0,16.0,0.41,,0.86,,1.6,9.0,1.5,2.2,0.5,0.2,1.3,-4.688661685327,250,-4.0106761548537255,242,15.700000000000003,236
NOP,Josh Oduro,Players/NOP/Josh Oduro,0.0,0.0,,,,,0.0,0.0,0.0,0.0,0.0,0.0,0.0,,,,,,
NOP,Karlo Matković,Players/NOP/Karlo Matković,58.0,17.0,0.59,,0.73,,0.7,7.0,4.3,0.9,0.4,1.0,0.6,-2.560683421989226,188,-2.1535896751298584,187,17.46,219
NOP,Micah Peavy,Players/NOP/Micah Peavy,48.0,8.0,0.4,,0.76,,0.3,2.2,1.0,0.5,0.4,0.1,0.3,,,,,,
NOP,Saddiq Bey,Players/NOP/Saddiq Bey,68.0,25.0,0.45,,0.84,,1.7,14.3,4.8,1.9,0.8,0.2,0.9,-0.5103402468395719,138,-0.46473710629079884,138,25.860000000000007,143
NOP,Trey Murphy III,Players/NOP/Trey Murphy III,68.0,34.0,0.47,,0.885,,3.1,21.1,5.5,3.6,1.4,0.4,1.7,6.422434052110349,10,5.848536217171056,10,38.349999999999994,39
NOP,Yves Missi,Players/NOP/Yves Missi,66.0,16.0,0.56,,0.585,,0.0,4.8,4.8,1.0,0.3,1.2,0.7,-4.524845504226219,242,-4.059464958211514,246,15.86,232
NOP,Zion Williamson,Players/NOP/Zion Williamson,60.0,30.0,0.59,,0.715,,0.1,21.7,6.1,4.0,1.0,0.6,2.4,1.378360468472508,91,1.1790480599177948,92,37.46999999999999,49
NYK,Andre Drummond,Players/NYK/Andre Drummond,62.0,17.0,0.535,,0.62,,0.0,5.8,7.6,1.1,0.6,0.7,0.9,-3.5522262994854668,215,-3.088798259349745,211,19.57,194
NYK,Jack Kayil,Players/NYK/Jack Kayil,18.0,7.0,0.41,,0.78,,0.4,2.4,0.7,0.9,0.3,0.0,0.5,,,,,,
NYK,Jalen Brunson,Players/NYK/Jalen Brunson,70.0,34.0,0.472,,0.845,,2.6,25.4,3.2,6.8,0.8,0.1,2.4,3.1978493456946913,41,2.954609525278808,42,41.03999999999999,27
NYK,Jordan Clarkson,Players/NYK/Jordan Clarkson,48.0,10.0,0.445,,0.825,,0.6,4.8,1.0,0.8,0.3,0.1,0.6,,,,,,
NYK,Jose Alvarado,Players/NYK/Jose Alvarado,68.0,16.0,0.415,,0.775,,1.2,5.8,2.0,2.8,0.8,0.1,0.9,-4.348027041047885,237,-3.959494705041268,237,14.799999999999999,250
NYK,Josh Hart,Players/NYK/Josh Hart,68.0,28.0,0.505,,0.73,,1.3,11.0,7.0,4.4,1.0,0.3,1.7,-0.011719711083852558,123,-0.010672457540637592,123,28.849999999999998,112
NYK,Karl-Anthony Towns,Players/NYK/Karl-Anthony Towns,68.0,31.0,0.51,,0.85,,1.8,20.5,11.5,3.2,0.9,0.6,2.4,5.340267205700008,23,4.86306996825364,22,42.099999999999994,23
NYK,Landry Shamet,Players/NYK/Landry Shamet,61.0,14.0,0.44,,0.79,,1.4,5.9,1.2,0.9,0.4,0.1,0.4,,,,,,
NYK,Mikal Bridges,Players/NYK/Mikal Bridges,80.0,33.0,0.49,,0.825,,1.9,14.7,3.9,3.7,1.2,0.7,1.0,3.107904415932216,43,3.0697691751742058,40,30.580000000000002,99
NYK,Miles McBride,Players/NYK/Miles McBride,64.0,23.0,0.425,,0.8,,2.3,10.2,2.2,2.4,0.8,0.2,0.7,-1.9519226620820707,179,-1.7244303868304005,178,19.889999999999997,187
NYK,Mohamed Diawara,Players/NYK/Mohamed Diawara,52.0,10.0,0.455,,0.72,,0.7,4.3,1.7,0.7,0.4,0.2,0.6,,,,,,
NYK,OG Anunoby,Players/NYK/OG Anunoby,64.0,33.0,0.482,,0.825,,2.3,16.6,5.2,2.2,1.5,0.7,1.7,3.723595235725617,38,3.2896184349296624,38,32.19,83
NYK,Pacôme Dadiet,Players/NYK/Pacôme Dadiet,28.0,8.0,0.42,,0.72,,0.4,2.7,1.1,0.4,0.2,0.1,0.3,,,,,,
NYK,Tyler Kolek,Players/NYK/Tyler Kolek,40.0,9.0,0.435,,0.72,,0.5,3.2,1.1,2.0,0.3,0.1,0.7,,,,,,
NYK,Tyler Nickel,Players/NYK/Tyler Nickel,24.0,8.0,0.43,,0.8,,0.7,3.1,1.2,0.3,0.2,0.1,0.3,,,,,,
OKC,Aday Mara,Players/OKC/Aday Mara,28.0,1.0,0.55,,0.65,,0.0,0.4,0.3,0.1,0.0,0.1,0.1,,,,,,
OKC,Ajay Mitchell,Players/OKC/Ajay Mitchell,61.0,24.0,0.485,,0.865,,1.1,12.7,3.2,3.5,1.1,0.3,1.4,0.024722931691603445,121,0.02132347396452371,121,25.14,153
OKC,Alex Caruso,Players/OKC/Alex Caruso,58.0,17.0,0.43,,0.8,,0.9,5.6,2.6,2.0,1.2,0.3,0.8,-2.7423615515609825,194,-2.3063848784270684,190,15.869999999999997,231
OKC,Bennett Stirtz,Players/OKC/Bennett Stirtz,26.0,1.0,0.42,,0.8,,0.1,0.4,0.1,0.1,0.0,0.0,0.1,,,,,,
OKC,Brooks Barnhizer,Players/OKC/Brooks Barnhizer,18.0,,0.4,,0.72,,0.2,1.5,1.0,0.4,0.2,0.1,0.3,,,,,,
OKC,Cason Wallace,Players/OKC/Cason Wallace,76.0,27.0,0.44,,0.815,,1.4,9.2,3.2,3.0,1.9,0.4,0.9,1.7143685058832339,80,1.6504563759881974,78,24.24,160
OKC,Chet Holmgren,Players/OKC/Chet Holmgren,67.0,29.0,0.55,,0.8,,1.4,17.6,9.0,1.8,0.7,1.9,1.6,5.52047203834554,20,4.990070594657274,20,37.99999999999999,44
OKC,Isaiah Hartenstein,Players/OKC/Isaiah Hartenstein,58.0,23.0,0.62,,0.65,,0.0,8.8,9.0,3.4,1.0,0.8,1.6,0.2667722007512677,112,0.22436114211388727,110,28.5,119
OKC,Jalen Williams,Players/OKC/Jalen Williams,58.0,30.0,0.5,,0.84,,1.2,19.0,4.8,5.2,1.2,0.4,2.0,3.024846878855946,45,2.543961096952949,50,35.96000000000001,62
OKC,Jared McCain,Players/OKC/Jared McCain,64.0,17.0,0.455,,0.865,,1.7,8.7,1.9,1.4,0.5,0.1,0.8,-3.9365180490499183,223,-3.477725564622081,222,14.929999999999998,248
OKC,Jaylin Williams,Players/OKC/Jaylin Williams,64.0,10.0,0.43,,0.79,,0.8,3.8,3.0,1.3,0.3,0.4,0.5,,,,,,
OKC,Josh Dix,Players/OKC/Josh Dix,10.0,,0.43,,0.8,,0.3,1.2,0.4,0.2,0.1,0.0,0.1,,,,,,
OKC,Kenrich Williams,Players/OKC/Kenrich Williams,50.0,2.0,0.47,,0.65,,0.2,0.9,0.5,0.2,0.1,0.0,0.1,,,,,,
OKC,Luguentz Dort,Players/OKC/Luguentz Dort,68.0,22.0,0.395,,0.76,,1.7,7.5,3.0,1.1,0.8,0.3,0.7,-3.6481483534060333,217,-3.32215599216581,220,16.200000000000003,229
OKC,Nikola Topic,Players/OKC/Nikola Topic,42.0,4.0,0.43,,0.7,,0.2,1.4,0.6,1.2,0.2,0.0,0.6,,,,,,
OKC,Otega Oweh,Players/OKC/Otega Oweh,12.0,,0.45,,0.75,,0.1,1.4,0.5,0.2,0.2,0.0,0.2,,,,,,
OKC,Shai Gilgeous-Alexander,Players/OKC/Shai Gilgeous-Alexander,70.0,33.0,0.55,,0.88,,1.7,31.0,4.5,6.7,1.4,0.7,2.3,11.341640981880067,3,10.478955339928842,3,51.30000000000001,5
OKC,Thomas Sorber,Players/OKC/Thomas Sorber,18.0,,0.5,,0.7,,0.0,1.5,1.0,0.2,0.1,0.2,0.2,,,,,,
ORL,Alex Morales,Players/ORL/Alex Morales,12.0,,,,,,0.3,2.3,1.0,0.5,0.3,0.1,0.4,,,,,,
ORL,Anthony Black,Players/ORL/Anthony Black,70.0,25.0,,,,,1.4,12.4,3.3,3.5,1.2,0.6,1.8,-0.4113745143220462,135,-0.38008390236057854,135,25.91,142
ORL,Colin Castleton,Players/ORL/Colin Castleton,14.0,,,,,,0.1,2.5,1.9,0.5,0.1,0.4,0.4,,,,,,
ORL,Desmond Bane,Players/ORL/Desmond Bane,78.0,34.0,,,,,2.3,19.6,4.3,4.5,1.1,0.5,1.9,2.0785729618392113,71,2.0272422500137437,67,35.56,64
ORL,Franz Wagner,Players/ORL/Franz Wagner,58.0,33.0,,,,,1.5,21.2,5.5,4.1,1.0,0.4,2.0,1.0691350644060509,94,0.899165518178551,95,36.9,52
ORL,Goga Bitadze,Players/ORL/Goga Bitadze,58.0,5.0,,,,,0.0,1.7,1.5,0.4,0.2,0.4,0.2,,,,,,
ORL,Izaiyah Nelson,Players/ORL/Izaiyah Nelson,8.0,,,,,,0.0,1.8,1.4,0.2,0.2,0.3,0.3,,,,,,
ORL,Jalen Suggs,Players/ORL/Jalen Suggs,60.0,29.0,,,,,2.1,13.4,3.9,5.4,1.7,0.7,2.6,2.613853182256916,59,2.235887196377063,62,31.83,85
ORL,Jamal Cain,Players/ORL/Jamal Cain,40.0,1.0,,,,,0.1,0.3,0.1,0.0,0.0,0.0,0.0,,,,,,
ORL,Jase Richardson,Players/ORL/Jase Richardson,60.0,9.0,,,,,0.5,3.5,1.0,0.9,0.3,0.0,0.4,,,,,,
ORL,Jevon Carter,Players/ORL/Jevon Carter,44.0,3.0,,,,,0.3,1.2,0.3,0.3,0.2,0.1,0.1,,,,,,
ORL,Jonathan Isaac,Players/ORL/Jonathan Isaac,48.0,6.0,,,,,0.1,1.7,1.4,0.2,0.3,0.4,0.2,,,,,,
ORL,Nikola Vucevic,Players/ORL/Nikola Vucevic,62.0,16.0,,,,,0.8,8.3,4.8,1.8,0.4,0.4,0.7,-3.6599523365393214,218,-3.1824702181961704,215,18.86,203
ORL,Noah Penda,Players/ORL/Noah Penda,42.0,1.0,,,,,0.0,0.2,0.3,0.1,0.1,0.1,0.1,,,,,,
ORL,Paolo Banchero,Players/ORL/Paolo Banchero,68.0,35.0,,,,,1.3,23.5,8.5,5.4,0.8,0.6,3.2,1.4306846965640063,89,1.302841133955673,89,43.449999999999996,15
ORL,Tristan da Silva,Players/ORL/Tristan da Silva,74.0,18.0,,,,,1.2,7.3,2.7,1.2,0.7,0.2,0.7,-4.0407154823041225,227,-3.838550029635151,233,14.94,247
ORL,Wendell Carter Jr,Players/ORL/Wendell Carter Jr,68.0,25.0,,,,,0.8,9.9,6.4,1.7,0.7,0.6,1.1,-1.8442635714790105,176,-1.6794633007185151,177,23.329999999999995,166
PHI,Adem Bona,Players/PHI/Adem Bona,65.0,16.0,0.61,,0.71,,0.0,4.3,4.0,0.5,0.4,1.1,0.7,-4.276809040510793,235,-3.807760387753502,232,13.650000000000002,255
PHI,Anfernee Simons,Players/PHI/Anfernee Simons,60.0,23.0,0.44,,0.89,,2.2,11.1,2.0,2.3,0.4,0.1,1.0,-2.8238880664893813,196,-2.4155508100932788,196,18.55,209
PHI,Ariel Hukporti,Players/PHI/Ariel Hukporti,35.0,9.0,0.58,,0.68,,0.0,2.4,2.8,0.4,0.2,0.5,0.5,,,,,,
PHI,Caleb Love,Players/PHI/Caleb Love,28.0,10.0,0.4,,0.75,,0.8,4.2,1.1,1.3,0.3,0.1,0.6,,,,,,
PHI,Dalen Terry,Players/PHI/Dalen Terry,38.0,10.0,0.44,,0.62,,0.4,3.1,1.6,1.2,0.5,0.2,0.5,,,,,,
PHI,Dean Wade,Players/PHI/Dean Wade,62.0,23.0,0.44,,0.75,,1.3,6.0,4.2,1.5,0.6,0.4,0.4,-3.253619061981218,206,-2.8291477084921155,202,16.54,224
PHI,Dominick Barlow,Players/PHI/Dominick Barlow,64.0,20.0,0.54,,0.725,,0.2,6.2,4.2,1.1,0.7,0.6,0.7,-3.712449786257274,220,-3.279771962981029,219,16.19,230
PHI,Duke Miles,Players/PHI/Duke Miles,12.0,7.0,0.41,,0.75,,0.3,2.2,0.5,0.7,0.3,0.0,0.4,,,,,,
PHI,Jabari Walker,Players/PHI/Jabari Walker,48.0,10.0,0.47,,0.73,,0.4,3.4,2.6,0.4,0.3,0.2,0.4,,,,,,
PHI,Jaylen Brown,Players/PHI/Jaylen Brown,67.0,34.0,0.48,,0.795,,2.1,24.3,6.1,4.1,0.9,0.4,2.9,1.6375482640700898,83,1.4802142612277727,81,39.82000000000001,32
PHI,Joel Embiid,Players/PHI/Joel Embiid,44.0,31.0,0.5,,0.855,,1.2,24.6,7.9,4.0,0.6,1.2,2.8,4.343160698683276,30,3.181451527905547,39,43.28,16
PHI,Johni Broome,Players/PHI/Johni Broome,25.0,8.0,0.5,,0.7,,0.3,3.4,2.3,0.5,0.2,0.3,0.5,,,,,,
PHI,Justin Edwards,Players/PHI/Justin Edwards,62.0,14.0,0.45,,0.83,,0.9,5.1,1.6,1.2,0.7,0.2,0.5,,,,,,
PHI,Labaron Philon Jr,Players/PHI/Labaron Philon Jr,44.0,12.0,0.445,,0.78,,0.7,5.5,1.5,2.1,0.5,0.1,1.0,,,,,,
PHI,Rayan Rupert,Players/PHI/Rayan Rupert,25.0,9.0,0.4,,0.8,,0.6,3.1,1.3,0.8,0.4,0.1,0.4,,,,,,
PHI,Tyrese Maxey,Players/PHI/Tyrese Maxey,68.0,34.0,0.465,,0.89,,3.0,25.9,4.0,6.1,1.5,0.5,2.3,7.980908577427081,6,7.267748097105946,6,45.05,11
PHI,VJ Edgecombe,Players/PHI/VJ Edgecombe,72.0,32.0,0.45,,0.82,,1.9,14.9,5.2,3.8,1.3,0.5,1.6,2.093882232448475,70,1.962056791159146,68,31.590000000000003,87
PHX,CJ Huntley,Players/PHX/CJ Huntley,10.0,5.0,0.5,1.2,0.65,0.2,0.2,1.5,0.7,0.1,0.1,0.1,0.2,,,,,,
PHX,Collin Gillespie,Players/PHX/Collin Gillespie,72.0,25.0,0.425,9.2,0.87,1.0,2.5,11.2,3.5,4.2,1.0,0.2,1.4,-0.6368971746481886,140,-0.5967997662061929,140,25.150000000000002,152
PHX,Devin Booker,Players/PHX/Devin Booker,66.0,35.0,0.462,18.8,0.875,7.5,2.2,26.2,4.0,6.6,0.9,0.3,3.1,4.239054571542203,31,3.8030676346958807,30,42.5,21
PHX,Dillon Brooks,Players/PHX/Dillon Brooks,64.0,30.0,0.44,15.2,0.83,3.0,2.2,18.1,3.8,1.8,1.0,0.2,1.6,-1.0336587652000446,154,-0.9131881190534593,153,28.46,122
PHX,Haywood Highsmith,Players/PHX/Haywood Highsmith,30.0,10.0,0.455,2.4,0.78,0.3,0.6,3.0,1.5,0.6,0.4,0.2,0.3,,,,,,
PHX,Jalen Green,Players/PHX/Jalen Green,61.0,30.0,0.435,16.1,0.78,2.9,2.4,18.7,3.9,3.1,1.0,0.3,2.3,-1.65597375596557,171,-1.4282737060370132,168,30.830000000000002,94
PHX,Jamaree Bouyea,Players/PHX/Jamaree Bouyea,24.0,8.0,0.43,2.3,0.75,0.4,0.4,2.7,0.8,1.2,0.3,0.1,0.6,,,,,,
PHX,Jordan Goodwin,Players/PHX/Jordan Goodwin,63.0,16.0,0.42,5.2,0.7,0.6,1.0,5.8,3.4,1.7,1.0,0.1,0.7,-4.123944125516708,228,-3.6147321434924167,227,15.530000000000001,239
PHX,Khaman Maluach,Players/PHX/Khaman Maluach,42.0,5.0,0.56,1.4,0.7,0.4,0.0,1.9,1.7,0.1,0.1,0.4,0.3,,,,,,
PHX,Koa Peat,Players/PHX/Koa Peat,32.0,9.0,0.48,2.9,0.65,0.8,0.1,3.4,1.8,0.8,0.3,0.2,0.6,,,,,,
PHX,Koby Brea,Players/PHX/Koby Brea,15.0,6.0,0.455,1.3,0.85,0.1,0.5,1.8,0.6,0.2,0.1,0.0,0.1,,,,,,
PHX,Luke Kennard,Players/PHX/Luke Kennard,68.0,15.0,0.5,4.2,0.89,0.6,1.4,6.1,1.6,1.5,0.4,0.1,0.5,-4.668139866082306,248,-4.25100278992064,254,11.969999999999999,261
PHX,Mark Williams,Players/PHX/Mark Williams,55.0,26.0,0.635,8.0,0.75,2.7,0.0,12.2,8.7,1.1,0.8,1.0,1.2,2.363892937407148,63,1.9359860413028163,70,28.49,120
PHX,Miles Bridges,Players/PHX/Miles Bridges,70.0,32.0,0.465,13.1,0.82,2.9,1.9,16.5,5.8,3.0,0.7,0.4,1.5,0.27093509130662696,111,0.2503268024757257,109,30.71,97
PHX,Oso Ighodaro,Players/PHX/Oso Ighodaro,70.0,14.0,0.63,3.0,0.5,1.0,0.0,4.3,3.6,1.6,0.6,0.5,0.8,,,,,,
PHX,Pat Spencer,Players/PHX/Pat Spencer,18.0,7.0,0.43,2.1,0.78,0.3,0.3,2.3,0.8,1.2,0.2,0.0,0.4,,,,,,
PHX,Rasheer Fleming,Players/PHX/Rasheer Fleming,58.0,12.0,0.43,3.5,0.65,0.6,0.8,4.2,2.4,0.5,0.5,0.5,0.5,,,,,,
PHX,Ryan Dunn,Players/PHX/Ryan Dunn,45.0,12.0,0.455,3.1,0.55,0.4,0.5,3.5,2.5,0.9,0.6,0.3,0.5,,,,,,
POR,Blake Wesley,Players/POR/Blake Wesley,0.0,0.0,,,,,0.0,0.0,0.0,0.0,0.0,0.0,0.0,,,,,,
POR,Branden Carlson,Players/POR/Branden Carlson,25.0,5.0,0.525,,0.65,,0.4,2.7,1.5,0.3,0.1,0.3,0.3,,,,,,
POR,Chris Youngblood,Players/POR/Chris Youngblood,10.0,4.0,0.41,,0.8,,0.4,1.6,0.4,0.2,0.1,0.0,0.2,,,,,,
POR,Damian Lillard,Players/POR/Damian Lillard,58.0,29.0,0.43,,0.895,,3.1,20.2,3.5,5.8,0.7,0.2,2.7,1.6693045566487266,81,1.4039209325818212,85,34.64999999999999,72
POR,Deni Avdija,Players/POR/Deni Avdija,70.0,33.0,0.468,,0.805,,1.9,21.4,6.7,5.6,0.9,0.6,3.2,1.8405767905089387,77,1.7005759588288023,76,40.089999999999996,30
POR,Donovan Clingan,Players/POR/Donovan Clingan,72.0,29.0,0.53,,0.69,,1.0,13.0,11.1,2.2,0.6,1.8,1.3,3.008268669914639,46,2.818875809713215,43,36.02,61
POR,Ja Morant,Players/POR/Ja Morant,60.0,31.0,0.455,,0.79,,1.2,21.8,3.7,7.3,1.0,0.3,3.2,-0.29395296227605994,133,-0.25144704727549283,131,38.489999999999995,38
POR,Jayson Kent,Players/POR/Jayson Kent,12.0,4.0,0.52,,0.75,,0.1,1.7,1.0,0.2,0.2,0.1,0.2,,,,,,
POR,Jrue Holiday,Players/POR/Jrue Holiday,62.0,20.0,0.455,,0.83,,1.7,10.5,3.3,4.2,1.0,0.2,1.8,-1.2731222263090674,158,-1.1070290530568174,158,23.41,164
POR,Matisse Thybulle,Players/POR/Matisse Thybulle,0.0,0.0,,,,,0.0,0.0,0.0,0.0,0.0,0.0,0.0,,,,,,
POR,Micah Potter,Players/POR/Micah Potter,18.0,4.0,0.44,,0.76,,0.4,2.0,1.3,0.3,0.1,0.2,0.2,,,,,,
POR,Robert Williams III,Players/POR/Robert Williams III,52.0,15.0,0.7,,0.62,,0.0,6.0,6.2,1.0,0.6,1.3,0.8,-1.54366759492793,166,-1.2292735385365705,161,19.84,190
POR,Scoot Henderson,Players/POR/Scoot Henderson,58.0,16.0,0.42,,0.81,,1.0,9.5,2.2,3.6,0.7,0.2,1.9,-4.734102530657457,253,-3.981481757362246,239,18.840000000000003,204
POR,Shaedon Sharpe,Players/POR/Shaedon Sharpe,64.0,25.0,0.45,,0.8,,1.8,16.8,3.7,2.2,1.1,0.2,2.1,-1.4245774580250181,162,-1.2585461016122272,163,27.240000000000002,131
POR,Sidy Cissoko,Players/POR/Sidy Cissoko,38.0,3.0,0.42,,0.66,,0.2,1.6,0.7,0.5,0.2,0.1,0.3,,,,,,
POR,Toumani Camara,Players/POR/Toumani Camara,76.0,31.0,0.445,,0.72,,2.2,12.2,5.3,2.3,1.2,0.5,1.6,-0.366113623847292,134,-0.35246480715276485,134,26.61,137
POR,Vít Krejčí,Players/POR/Vít Krejčí,52.0,6.0,0.42,,0.75,,0.6,3.0,1.2,0.8,0.3,0.1,0.4,,,,,,
POR,Yang Hansen,Players/POR/Yang Hansen,32.0,2.0,0.4,,0.75,,0.1,1.2,0.8,0.3,0.1,0.2,0.4,,,,,,
SAC,Adam Flagler,Players/SAC/Adam Flagler,12.0,,0.39,,0.75,,0.6,3.0,0.7,0.7,0.2,0.1,0.4,,,,,,
SAC,Alex Karaban,Players/SAC/Alex Karaban,40.0,7.0,0.44,,0.85,,0.4,1.8,0.8,0.3,0.1,0.1,0.2,,,,,,
SAC,Daeqwon Plowden,Players/SAC/Daeqwon Plowden,62.0,8.0,0.43,,0.82,,0.6,3.4,1.3,0.5,0.3,0.1,0.4,,,,,,
SAC,Darius Acuff Jr,Players/SAC/Darius Acuff Jr,72.0,31.0,0.439,,0.817,,1.8,17.8,3.2,5.9,0.9,0.1,2.8,-1.2979960371939618,159,-1.2162775442705043,159,31.59,88
SAC,De'Andre Hunter,Players/SAC/De'Andre Hunter,64.0,25.0,0.438,,0.852,,1.7,13.2,4.0,1.8,0.7,0.2,1.4,-2.124231133525798,183,-1.87665668648764,182,22.85,169
SAC,Domantas Sabonis,Players/SAC/Domantas Sabonis,62.0,30.0,0.568,,0.75,,0.4,16.8,11.8,5.2,0.8,0.3,2.6,2.131321640877662,68,1.853266661364151,74,39.660000000000004,33
SAC,Dylan Cardwell,Players/SAC/Dylan Cardwell,38.0,7.0,0.59,,0.54,,0.0,2.0,2.5,0.4,0.2,0.5,0.3,,,,,,
SAC,Emanuel Sharp,Players/SAC/Emanuel Sharp,45.0,7.0,0.41,,0.82,,0.6,2.5,0.6,0.3,0.2,0.1,0.3,,,,,,
SAC,Isaiah Stevens,Players/SAC/Isaiah Stevens,20.0,6.0,0.43,,0.8,,0.1,1.4,0.5,1.3,0.3,0.0,0.3,,,,,,
SAC,Jonathan Mogbo,Players/SAC/Jonathan Mogbo,14.0,,0.57,,0.65,,0.0,2.0,2.3,0.7,0.3,0.2,0.4,,,,,,
SAC,Keegan Murray,Players/SAC/Keegan Murray,68.0,32.0,0.445,,0.808,,2.0,15.2,6.2,1.8,1.0,1.2,1.1,2.611665786214731,60,2.3782917526112004,55,31.839999999999996,84
SAC,Malik Monk,Players/SAC/Malik Monk,68.0,27.0,0.44,,0.86,,2.2,14.0,2.2,4.0,0.7,0.4,1.8,-0.9698513838657524,151,-0.8831871059771317,152,25.240000000000002,149
SAC,Maxime Raynaud,Players/SAC/Maxime Raynaud,70.0,10.0,0.56,,0.78,,0.2,5.6,3.4,0.7,0.3,0.3,0.6,,,,,,
SAC,Nique Clifford,Players/SAC/Nique Clifford,74.0,23.0,0.43,,0.75,,1.0,9.2,4.0,2.3,0.9,0.4,1.4,-3.359527583824102,210,-3.191443387420744,216,20.45,181
SAC,Precious Achiuwa,Players/SAC/Precious Achiuwa,72.0,15.0,0.53,,0.6,,0.2,6.4,4.5,0.9,0.6,0.5,0.7,-5.054193929776547,257,-4.735994875966564,259,15.850000000000001,233
SAC,Zach LaVine,Players/SAC/Zach LaVine,62.0,30.0,0.474,,0.871,,2.4,18.4,3.0,2.6,0.7,0.3,1.9,0.3919322478675629,103,0.34080025959261495,104,28.2,123
SAS,Carter Bryant,Players/SAS/Carter Bryant,55.0,4.0,0.42,,0.74,,0.4,2.6,1.7,0.4,0.2,0.3,0.3,,,,,,
SAS,De'Aaron Fox,Players/SAS/De'Aaron Fox,70.0,30.0,0.48,,0.78,,1.8,19.5,3.9,6.4,1.3,0.3,2.4,2.0493649162153273,73,1.8934829154394157,72,37.08,51
SAS,Devin Vassell,Players/SAS/Devin Vassell,68.0,28.0,0.445,,0.82,,2.4,14.5,4.1,2.6,0.9,0.4,0.9,0.7845981420916834,98,0.7144877802895484,98,27.52,128
SAS,Dylan Harper,Players/SAS/Dylan Harper,72.0,27.0,0.5,,0.77,,1.1,14.5,4.0,4.6,0.9,0.3,1.7,-0.7161845778163547,144,-0.6710954383450994,145,28.65,115
SAS,Emanuel Miller,Players/SAS/Emanuel Miller,10.0,6.0,0.45,,0.75,,0.3,2.4,1.2,0.4,0.3,0.1,0.3,,,,,,
SAS,Harrison Barnes,Players/SAS/Harrison Barnes,70.0,7.0,0.46,,0.83,,0.6,4.8,1.6,0.8,0.3,0.1,0.3,,,,,,
SAS,Ja'Kobi Gillespie,Players/SAS/Ja'Kobi Gillespie,20.0,7.0,0.43,,0.8,,0.5,3.5,0.9,1.4,0.4,0.1,0.5,,,,,,
SAS,Jayden Quaintance,Players/SAS/Jayden Quaintance,20.0,8.0,0.52,,0.65,,0.1,3.0,2.7,0.4,0.4,0.7,0.7,,,,,,
SAS,Jordan McLaughlin,Players/SAS/Jordan McLaughlin,35.0,6.0,0.42,,0.85,,0.3,1.7,0.6,0.8,0.4,0.0,0.2,,,,,,
SAS,Julian Champagnie,Players/SAS/Julian Champagnie,78.0,24.0,0.44,,0.85,,2.2,10.6,5.0,1.4,0.8,0.5,0.8,-0.07924219906717833,126,-0.07728529952147534,126,22.900000000000002,167
SAS,Keldon Johnson,Players/SAS/Keldon Johnson,75.0,18.0,0.505,,0.79,,1.0,10.8,4.4,1.2,0.5,0.1,0.7,-3.299855195623194,207,-3.155866243815623,214,19.480000000000004,196
SAS,Luke Kornet,Players/SAS/Luke Kornet,70.0,14.0,0.635,,0.78,,0.0,4.8,4.4,1.2,0.4,0.8,0.3,,,,,,
SAS,Maliq Brown,Players/SAS/Maliq Brown,12.0,6.0,0.52,,0.65,,0.1,2.2,2.1,0.6,0.6,0.3,0.5,,,,,,
SAS,Stephon Castle,Players/SAS/Stephon Castle,72.0,30.0,0.47,,0.75,,1.4,17.5,5.4,7.2,1.2,0.3,3.1,0.3478168073862382,105,0.32591915554556117,105,36.88,53
SAS,Tarris Reed Jr,Players/SAS/Tarris Reed Jr,50.0,7.0,0.61,,0.7,,0.0,3.2,3.2,0.5,0.3,0.5,0.5,,,,,,
SAS,Tobias Harris,Players/SAS/Tobias Harris,65.0,24.0,0.475,,0.86,,1.3,12.0,4.8,2.1,0.8,0.4,0.9,-0.28565003452428783,131,-0.254322060190019,132,24.259999999999994,159
SAS,Victor Wembanyama,Players/SAS/Victor Wembanyama,68.0,31.0,0.515,,0.83,,2.0,26.5,12.0,3.4,1.1,3.2,2.5,13.509371997551803,2,12.302197384643645,2,57.4,3
TOR,A.J. Lawson,Players/TOR/A.J. Lawson,0.0,0.0,,,,,0.0,0.0,0.0,0.0,0.0,0.0,0.0,,,,,,
TOR,Alijah Martin,Players/TOR/Alijah Martin,35.0,5.0,0.38,,0.78,,0.4,2.1,1.0,0.5,0.3,0.1,0.3,,,,,,
TOR,Allen Graves,Players/TOR/Allen Graves,60.0,8.0,0.44,,0.75,,0.4,2.8,1.8,0.6,0.5,0.3,0.4,,,,,,
TOR,Brandon Ingram,Players/TOR/Brandon Ingram,67.0,33.0,0.474,,0.82,,1.8,21.3,5.4,3.8,0.8,0.6,2.4,1.392682054343181,90,1.2588745525405376,90,36.18,59
TOR,Chucky Hepburn,Players/TOR/Chucky Hepburn,10.0,4.0,0.39,,0.78,,0.2,1.2,0.5,0.8,0.2,0.0,0.3,,,,,,
TOR,Collin Murray-Boyles,Players/TOR/Collin Murray-Boyles,72.0,26.0,0.553,,0.68,,0.5,10.2,6.2,2.4,1.1,1.0,1.3,0.06725912205711104,119,0.06302466067790372,119,26.490000000000002,138
TOR,Gradey Dick,Players/TOR/Gradey Dick,68.0,9.0,0.43,,0.86,,0.6,3.3,1.1,0.5,0.3,0.1,0.3,,,,,,
TOR,Immanuel Quickley,Players/TOR/Immanuel Quickley,68.0,32.0,0.443,,0.835,,2.6,17.0,4.0,6.2,1.2,0.1,1.7,2.743887004495799,51,2.4986979066520045,52,34.599999999999994,73
TOR,Ja'Kobe Walter,Players/TOR/Ja'Kobe Walter,70.0,19.0,0.435,,0.79,,1.4,7.6,2.5,1.2,0.9,0.2,0.6,-3.3281750098171328,209,-3.0750221548239947,210,15.799999999999999,235
TOR,Jaden Bradley,Players/TOR/Jaden Bradley,18.0,4.0,0.42,,0.76,,0.2,1.4,0.5,0.7,0.2,0.0,0.3,,,,,,
TOR,Jakob Poeltl,Players/TOR/Jakob Poeltl,60.0,24.0,0.665,,0.61,,0.0,10.2,7.0,2.0,0.8,0.8,1.2,-0.9941180152748926,153,-0.8503674793707051,150,25.2,150
TOR,Jamal Shead,Players/TOR/Jamal Shead,78.0,16.0,0.39,,0.79,,0.8,5.4,1.4,4.0,0.8,0.1,1.1,-4.82254357005271,255,-4.703450038670921,258,15.08,244
TOR,Jamison Battle,Players/TOR/Jamison Battle,42.0,5.0,0.46,,0.75,,0.4,2.1,0.9,0.3,0.1,0.0,0.2,,,,,,
TOR,Kyle Anderson,Players/TOR/Kyle Anderson,60.0,5.0,0.5,,0.7,,0.0,1.5,1.2,1.0,0.4,0.2,0.3,,,,,,
TOR,Nate Bittle,Players/TOR/Nate Bittle,8.0,3.0,0.5,,0.7,,0.0,0.8,0.6,0.1,0.1,0.2,0.1,,,,,,
TOR,RJ Barrett,Players/TOR/RJ Barrett,67.0,31.0,0.486,,0.725,,1.7,18.5,5.2,3.2,0.7,0.3,1.8,-1.3755546372977678,160,-1.2433927206306774,162,31.59,89
TOR,Scottie Barnes,Players/TOR/Scottie Barnes,74.0,34.0,0.501,,0.795,,1.0,20.0,8.0,6.4,1.4,1.3,2.8,5.8140080672509695,18,5.523121075111992,12,45.00000000000001,12
TOR,Trayce Jackson-Davis,Players/TOR/Trayce Jackson-Davis,55.0,3.0,0.6,,0.55,,0.0,1.2,1.2,0.3,0.1,0.2,0.2,,,,,,
UTA,Ace Bailey,Players/UTA/Ace Bailey,74.0,29.0,0.45,,0.77,,2.1,16.5,5.1,2.3,0.9,0.7,1.7,0.002623940149073911,122,0.0024926589315922665,122,30.22,100
UTA,Blake Hinson,Players/UTA/Blake Hinson,25.0,8.0,0.44,,0.75,,1.0,4.0,1.0,0.4,0.2,0.1,0.3,,,,,,
UTA,Brice Sensabaugh,Players/UTA/Brice Sensabaugh,68.0,18.0,0.455,,0.82,,1.7,10.5,2.7,1.3,0.5,0.2,1.1,-3.8540295287749307,222,-3.5096399742213493,223,17.540000000000003,216
UTA,Cody Williams,Players/UTA/Cody Williams,50.0,8.0,0.44,,0.7,,0.2,3.3,1.5,0.8,0.4,0.2,0.5,,,,,,
UTA,Darryn Peterson,Players/UTA/Darryn Peterson,72.0,29.0,0.445,,0.83,,1.8,16.5,4.2,3.4,1.1,0.3,2.1,-0.03881606782802294,124,-0.03637230800655382,124,29.639999999999997,105
UTA,Isaiah Collier,Players/UTA/Isaiah Collier,70.0,18.0,0.495,,0.73,,0.4,8.5,2.0,5.0,0.8,0.2,1.8,-4.369975906240472,239,-4.037579961420015,245,19.799999999999997,192
UTA,Jaren Jackson Jr,Players/UTA/Jaren Jackson Jr,63.0,31.0,0.475,,0.8,,1.8,19.0,6.0,2.0,1.0,1.6,2.2,3.031764758946943,44,2.6574117379196904,47,35.699999999999996,63
UTA,Jaxson Hayes,Players/UTA/Jaxson Hayes,60.0,12.0,0.72,,0.65,,0.0,4.5,3.0,0.7,0.4,0.6,0.4,,,,,,
UTA,John Konchar,Players/UTA/John Konchar,35.0,7.0,0.44,,0.75,,0.2,1.8,1.9,1.0,0.5,0.2,0.3,,,,,,
UTA,Josh Okogie,Players/UTA/Josh Okogie,65.0,11.0,0.42,,0.7,,0.4,3.7,1.9,0.7,0.7,0.2,0.5,,,,,,
UTA,Jusuf Nurkic,Players/UTA/Jusuf Nurkic,58.0,23.0,0.505,,0.62,,0.5,9.5,9.0,3.8,1.0,0.5,2.1,-1.6964305120958962,172,-1.4267344428648205,167,28.649999999999995,116
UTA,Keyonte George,Players/UTA/Keyonte George,68.0,32.0,0.45,,0.88,,2.4,20.5,3.8,6.2,1.0,0.3,3.0,2.2836911180913346,66,2.0796243456326815,65,36.46,57
UTA,Kyle Filipowski,Players/UTA/Kyle Filipowski,72.0,16.0,0.49,,0.75,,0.8,8.0,5.2,1.8,0.6,0.4,1.1,-3.458568618496495,214,-3.240826031402861,218,19.24,199
UTA,Lauri Markkanen,Players/UTA/Lauri Markkanen,65.0,32.0,0.48,,0.89,,2.8,23.5,7.2,2.2,0.9,0.5,1.5,5.973878646331069,16,5.318708002924815,17,39.54,34
UTA,Mo Bamba,Players/UTA/Mo Bamba,35.0,8.0,0.46,,0.65,,0.4,3.2,3.0,0.4,0.2,0.7,0.4,,,,,,
UTA,Svi Mykhailiuk,Players/UTA/Svi Mykhailiuk,60.0,10.0,0.455,,0.85,,0.9,4.5,1.3,0.9,0.3,0.1,0.4,,,,,,
UTA,Tamar Bates,Players/UTA/Tamar Bates,12.0,6.0,0.43,,0.75,,0.4,2.3,1.0,0.4,0.3,0.1,0.4,,,,,,
UTA,Trey Alexander,Players/UTA/Trey Alexander,20.0,7.0,0.43,,0.7,,0.3,2.5,0.8,0.8,0.3,0.1,0.4,,,,,,
WAS,AJ Dybantsa,Players/WAS/AJ Dybantsa,74.0,32.0,0.461,,0.782,,1.2,18.6,6.1,3.1,1.1,0.6,2.7,-0.29239847003110264,132,-0.27776916259472634,133,33.56999999999999,77
WAS,Alex Sarr,Players/WAS/Alex Sarr,64.0,28.0,0.488,,0.715,,1.2,16.5,7.7,2.7,0.8,2.1,1.9,2.6841500541380343,56,2.371318293538761,56,37.19000000000001,50
WAS,Anthony Davis,Players/WAS/Anthony Davis,50.0,28.0,0.52,,0.755,,0.4,18.8,10.0,3.0,1.1,1.8,2.0,4.835374999490121,26,3.775793519062444,31,42.199999999999996,22
WAS,Anthony Gill,Players/WAS/Anthony Gill,,,0.58,,0.745,,0.1,2.5,1.3,0.4,0.2,0.1,0.3,,,,,,
WAS,Bilal Coulibaly,Players/WAS/Bilal Coulibaly,68.0,18.0,0.43,,0.755,,0.9,7.9,3.4,1.8,0.9,0.7,1.2,-3.139386693974574,203,-2.8588564133845824,204,18.729999999999997,206
WAS,Bub Carrington,Players/WAS/Bub Carrington,78.0,14.0,0.42,,0.75,,1.0,6.1,2.0,2.8,0.4,0.1,1.2,,,,,,
WAS,Cam Whitmore,Players/WAS/Cam Whitmore,,,0.455,,0.75,,0.6,6.3,2.1,0.5,0.5,0.2,0.8,,,,,,
WAS,Deandre Ayton,Players/WAS/Deandre Ayton,68.0,20.0,0.635,,0.675,,0.0,9.5,6.8,0.8,0.4,0.8,1.0,-2.644380247127514,192,-2.408082904676167,195,21.46,175
WAS,Felix Okpara,Players/WAS/Felix Okpara,,,0.585,,0.635,,0.0,2.3,2.5,0.2,0.2,0.6,0.4,,,,,,
WAS,Jamir Watkins,Players/WAS/Jamir Watkins,,,0.445,,0.71,,0.4,3.7,1.9,0.5,0.5,0.2,0.4,,,,,,
WAS,Julian Reese,Players/WAS/Julian Reese,,,0.525,,0.65,,0.0,4.8,4.4,0.6,0.5,0.3,0.8,,,,,,
WAS,Justin Champagnie,Players/WAS/Justin Champagnie,,,0.495,,0.79,,0.4,4.9,3.3,0.7,0.5,0.4,0.4,,,,,,
WAS,Khris Middleton,Players/WAS/Khris Middleton,55.0,12.0,0.44,,0.87,,0.5,5.3,2.0,1.6,0.4,0.1,0.7,,,,,,
WAS,Kyshawn George,Players/WAS/Kyshawn George,68.0,28.0,0.445,,0.805,,2.0,14.1,5.0,3.7,1.0,0.8,2.0,0.8094385152320295,96,0.7371084597360924,96,30.050000000000004,102
WAS,Sharife Cooper,Players/WAS/Sharife Cooper,,,0.495,,0.825,,0.3,3.7,0.9,1.5,0.2,0.0,0.7,,,,,,
WAS,Trae Young,Players/WAS/Trae Young,62.0,32.0,0.438,,0.875,,2.8,22.4,3.1,10.1,1.0,0.2,4.2,2.697466357462934,55,2.345551405548929,58,42.06999999999999,24
WAS,Tre Johnson,Players/WAS/Tre Johnson,70.0,18.0,0.425,,0.865,,1.7,9.7,2.2,1.5,0.5,0.2,1.2,-4.163711181224156,230,-3.8470044666479706,234,16.340000000000003,227
WAS,Tristan Vukcevic,Players/WAS/Tristan Vukcevic,,,0.47,,0.79,,0.6,5.2,2.1,0.7,0.3,0.4,0.7,,,,,,
WAS,Will Riley,Players/WAS/Will Riley,72.0,10.0,0.443,,0.805,,0.7,5.1,1.8,0.9,0.3,0.1,0.6,,,,,,
