corrected_rank,old_rank,delta,player,team,gp,mpg,fg_pct,fga_proj,ft_pct,fta_proj,volume_source,z,corrected_total_rank,corrected_points_rank,old_points_rank
1,2,1,Victor Wembanyama,SAS,68.0,31.0,0.515,17.8,0.83,7.4,recovered,14.338,1,3,3
2,1,-1,Nikola Jokić,DEN,66.0,35.0,0.57,17.1,0.83,7.1,stated,13.745,3,1,1
3,3,0,Shai Gilgeous-Alexander,OKC,70.0,33.0,0.55,19.6,0.88,8.8,stated,12.457,2,4,5
4,5,1,Kawhi Leonard,LAC,60.0,32.0,0.5,17.8,0.885,6.4,recovered,9.363,8,12,13
5,4,-1,Luka Dončić,LAL,66.0,34.0,0.48,21.8,0.79,9.0,stated,9.348,4,2,2
6,6,0,Tyrese Maxey,PHI,68.0,34.0,0.465,19.5,0.89,5.4,recovered,8.024,5,10,11
7,8,1,Jayson Tatum,BOS,65.0,34.0,0.457,21.4,0.852,5.1,recovered,6.942,16,7,7
8,7,-1,Walker Kessler,LAL,65.0,30.0,0.675,7.8,0.7,3.0,stated,6.793,12,37,41
9,9,0,Cooper Flagg,DAL,72.0,36.0,0.485,19.2,0.83,5.7,stated,6.785,7,8,9
10,16,6,Lauri Markkanen,UTA,55.0,32.0,0.48,16.0,0.89,6.0,recovered,6.598,38,35,34
11,13,2,Cade Cunningham,DET,66.0,34.0,0.462,18.9,0.825,6.0,recovered,6.585,18,6,6
12,18,6,Scottie Barnes,TOR,74.0,34.0,0.501,16.0,0.795,3.8,recovered,6.444,6,9,12
13,17,4,Anthony Edwards,MIN,68.0,35.0,0.48,19.1,0.81,7.2,recovered,6.412,13,11,10
14,12,-2,Tyrese Haliburton,IND,66.0,32.0,0.472,13.9,0.854,3.2,estimated,6.322,21,23,26
15,15,0,Donovan Mitchell,CLE,70.0,33.0,0.47,19.6,0.86,6.0,recovered,6.287,10,15,14
16,14,-2,Jamal Murray,DEN,66.0,35.0,0.475,17.6,0.88,5.0,stated,6.230,19,19,18
17,11,-6,Stephen Curry,GSW,58.0,30.5,0.462,17.8,0.92,5.0,recovered,6.209,33,29,28
18,20,2,Chet Holmgren,OKC,67.0,29.0,0.55,11.6,0.8,4.3,stated,6.104,17,40,44
19,23,4,Karl-Anthony Towns,NYK,68.0,31.0,0.51,13.7,0.85,5.5,recovered,6.068,15,20,23
20,10,-10,Trey Murphy III,NOP,62.0,33.0,0.47,15.3,0.885,3.4,recovered,5.731,31,52,39
21,19,-2,Austin Reaves,LAL,67.0,34.0,0.485,15.5,0.87,7.0,stated,5.729,23,22,25
22,26,4,Anthony Davis,WAS,44.0,28.0,0.52,15.0,0.755,3.7,recovered,5.723,99,17,22
23,30,7,Joel Embiid,PHI,40.0,31.0,0.5,16.0,0.855,8.6,recovered,5.677,116,14,16
24,27,3,Derrick White,BOS,76.0,34.0,0.421,14.1,0.895,2.6,recovered,5.346,9,51,66
25,47,22,Kel'el Ware,MIL,74.0,28.0,0.535,9.0,0.74,1.6,stated,4.836,14,60,98
26,24,-2,LaMelo Ball,MIN,64.0,31.0,0.42,15.3,0.89,2.8,recovered,4.636,37,31,29
27,34,7,Evan Mobley,CLE,68.0,34.0,0.548,13.5,0.68,4.9,recovered,4.629,28,16,20
28,32,4,Kevin Durant,HOU,66.0,31.0,0.515,15.8,0.875,5.1,recovered,4.601,30,44,45
29,29,0,Kyrie Irving,DAL,55.0,31.0,0.485,16.5,0.9,4.0,stated,4.518,62,56,54
30,28,-2,Jalen Duren,DET,68.0,29.5,0.66,10.6,0.755,6.4,recovered,4.486,29,36,43
31,71,40,Desmond Bane,ORL,78.0,33.0,0.485,14.1,0.9,3.6,stated,4.469,11,67,64
32,25,-7,Brandon Miller,CHA,50.0,32.5,0.445,18.7,0.89,3.6,recovered,4.368,92,32,31
33,55,22,Trae Young,WAS,55.0,32.0,0.438,14.3,0.875,8.1,recovered,4.182,69,21,24
34,39,5,Bam Adebayo,MIA,72.0,34.0,0.49,12.6,0.79,6.1,recovered,4.159,26,27,35
35,38,3,OG Anunoby,NYK,64.0,33.0,0.482,12.0,0.825,3.3,recovered,4.090,44,81,83
36,35,-1,Michael Porter Jr,BKN,65.0,32.0,0.462,17.2,0.856,4.3,recovered,3.946,41,45,42
37,42,5,Amen Thompson,HOU,76.0,33.0,0.545,13.2,0.765,4.3,recovered,3.936,24,33,40
38,40,2,Kristaps Porziņģis,GSW,48.0,25.5,0.452,12.7,0.85,5.2,recovered,3.932,108,66,70
39,36,-3,Payton Pritchard,BOS,78.0,32.0,0.468,17.5,0.889,1.7,recovered,3.887,20,42,60
40,50,10,James Harden,CLE,64.0,31.0,0.43,14.4,0.875,6.7,recovered,3.792,47,34,36
41,46,5,Donovan Clingan,POR,72.0,29.0,0.53,9.5,0.69,2.8,recovered,3.779,27,55,61
42,62,20,Tyler Herro,MIL,55.0,31.0,0.466,16.7,0.89,4.0,stated,3.774,75,46,67
43,33,-10,Kon Knueppel,CHA,78.0,33.5,0.468,16.1,0.868,3.0,recovered,3.764,22,54,48
44,76,32,Ryan Rollins,MIL,70.0,32.0,0.47,13.2,0.8,2.4,stated,3.667,35,48,78
45,41,-4,Jalen Brunson,NYK,70.0,34.0,0.472,19.2,0.845,5.5,recovered,3.503,34,24,27
46,45,-1,Jalen Williams,OKC,58.0,30.0,0.5,14.4,0.84,4.0,stated,3.502,71,57,62
47,44,-3,Jaren Jackson Jr,UTA,63.0,31.0,0.475,14.5,0.8,4.3,recovered,3.472,55,61,63
48,56,8,Alex Sarr,WAS,57.0,28.0,0.488,13.4,0.715,3.1,recovered,3.472,73,47,50
49,49,0,Cameron Boozer,MEM,72.0,32.0,0.51,14.0,0.79,4.6,stated,3.460,32,38,55
50,66,16,Keyonte George,UTA,68.0,32.0,0.45,13.5,0.88,6.8,recovered,3.446,40,59,57
51,43,-8,Mikal Bridges,NYK,80.0,32.0,0.49,11.8,0.825,1.2,recovered,2.957,25,95,99
52,68,16,Domantas Sabonis,SAC,62.0,30.0,0.568,11.7,0.75,4.1,recovered,2.862,64,25,33
53,58,5,Dejounte Murray,NOP,55.0,30.0,0.465,13.7,0.835,3.5,recovered,2.844,101,53,56
54,72,18,Alperen Şengün,HOU,70.0,32.0,0.52,15.8,0.705,5.0,recovered,2.821,45,13,19
55,67,12,Naz Reid,CHA,73.0,31.0,0.466,14.2,0.755,1.9,recovered,2.816,36,65,68
56,69,13,Jaden McDaniels,MIN,70.0,33.0,0.505,11.7,0.82,2.5,recovered,2.815,43,91,109
57,51,-6,Immanuel Quickley,TOR,63.0,32.0,0.443,13.4,0.835,3.0,recovered,2.805,65,68,73
58,48,-10,Paul George,BOS,55.0,27.0,0.445,13.4,0.87,2.6,recovered,2.712,104,79,82
59,77,18,Deni Avdija,POR,70.0,33.0,0.468,13.0,0.805,9.1,recovered,2.704,46,26,30
60,60,0,Keegan Murray,SAC,68.0,32.0,0.445,13.1,0.808,1.9,recovered,2.678,54,82,84
61,73,12,De'Aaron Fox,SAS,70.0,30.0,0.48,15.8,0.78,3.3,recovered,2.575,51,49,51
62,74,12,Ausar Thompson,DET,71.0,29.0,0.53,8.7,0.61,2.9,recovered,2.566,53,78,86
63,21,-42,Giannis Antetokounmpo,MIA,60.0,32.0,0.605,15.4,0.665,11.0,recovered,2.507,85,5,4
64,53,-11,Zach Edey,MEM,48.0,26.0,0.61,8.8,0.735,2.8,stated,2.492,128,72,80
65,93,28,Ivica Zubac,IND,66.0,30.0,0.615,10.4,0.69,3.0,recovered,2.325,58,63,71
66,61,-5,Jarrett Allen,CLE,67.0,29.0,0.655,8.2,0.7,5.0,recovered,2.320,57,73,81
67,84,17,John Collins,DET,67.0,28.0,0.555,10.6,0.79,2.3,recovered,2.259,56,96,106
68,119,51,Collin Murray-Boyles,TOR,72.0,29.0,0.553,9.2,0.68,2.5,recovered,2.258,50,87,138
69,83,14,Jaylen Brown,PHI,67.0,34.0,0.48,17.0,0.795,7.4,recovered,2.217,61,28,32
70,70,0,VJ Edgecombe,PHI,72.0,32.0,0.45,12.4,0.82,2.2,recovered,2.193,52,85,87
71,54,-17,Reed Sheppard,HOU,78.0,25.0,0.435,12.0,0.815,1.0,recovered,2.094,39,109,104
72,94,22,Franz Wagner,ORL,58.0,30.0,0.485,13.9,0.83,5.4,stated,2.051,98,71,52
73,87,14,Coby White,CHA,60.0,31.5,0.445,15.0,0.84,6.0,recovered,2.025,91,62,58
74,80,6,Cason Wallace,OKC,76.0,27.0,0.44,7.7,0.815,1.2,stated,1.914,49,144,160
75,86,11,Andrew Wiggins,MIA,68.0,31.0,0.48,11.7,0.79,2.5,recovered,1.896,63,101,108
76,92,16,Pascal Siakam,IND,68.0,32.0,0.505,15.2,0.735,5.9,recovered,1.820,67,43,47
77,90,13,Brandon Ingram,TOR,67.0,33.0,0.474,16.7,0.82,4.5,recovered,1.753,68,58,59
78,88,10,Brandin Podziemski,GSW,76.0,32.0,0.452,12.4,0.802,3.3,recovered,1.744,48,76,79
79,75,-4,Darius Garland,LAC,62.0,32.0,0.455,15.7,0.865,2.9,recovered,1.652,93,64,65
80,91,11,Zion Williamson,NOP,60.0,31.0,0.59,14.2,0.715,7.8,recovered,1.461,107,30,49
81,59,-22,Jalen Suggs,ORL,60.0,26.0,0.435,9.9,0.85,1.8,stated,1.440,109,108,85
82,85,3,Daniel Gafford,DAL,68.0,24.0,0.66,6.4,0.69,2.7,stated,1.431,70,118,136
83,110,27,Jimmy Butler III,GSW,30.0,27.5,0.48,10.7,0.835,6.7,recovered,1.376,247,86,95
84,95,11,Cedric Coward,MEM,70.0,30.0,0.47,12.0,0.845,3.2,stated,1.355,66,88,93
85,89,4,Paolo Banchero,ORL,68.0,34.0,0.465,16.1,0.775,8.5,stated,1.342,74,18,15
86,113,27,Derik Queen,NOP,80.0,28.0,0.48,10.3,0.79,3.8,recovered,1.309,42,74,91
87,128,41,Myles Turner,MIL,65.0,25.0,0.45,8.8,0.76,2.3,stated,1.159,87,121,144
88,78,-10,Ty Jerome,MEM,45.0,22.0,0.475,11.8,0.875,3.0,stated,1.143,179,113,101
89,82,-7,Ayo Dosunmu,MIN,68.0,31.0,0.49,10.8,0.855,2.4,recovered,1.104,79,116,124
90,136,46,Jabari Smith Jr,HOU,74.0,32.0,0.45,11.9,0.78,2.5,recovered,1.089,60,97,133
91,96,5,Kyshawn George,WAS,68.0,28.0,0.445,11.2,0.805,2.6,recovered,1.045,82,94,102
92,112,20,Isaiah Hartenstein,OKC,58.0,23.0,0.62,6.0,0.65,2.2,stated,0.865,125,100,119
93,81,-12,Damian Lillard,POR,52.0,29.0,0.43,16.9,0.895,2.9,estimated,0.829,151,69,72
94,104,10,Yaxel Lendeborg,GSW,73.0,25.5,0.468,8.1,0.78,2.5,estimated,0.817,72,125,135
95,98,3,Devin Vassell,SAS,68.0,28.0,0.445,12.0,0.82,1.7,recovered,0.789,89,122,128
96,166,70,Robert Williams III,POR,52.0,17.0,0.7,4.4,0.62,1.0,recovered,0.690,149,156,190
97,106,9,Keon Ellis,BKN,72.0,23.0,0.47,7.0,0.81,1.1,recovered,0.654,78,170,176
98,105,7,Stephon Castle,SAS,72.0,30.0,0.47,12.7,0.75,5.6,recovered,0.638,81,50,53
99,126,27,Julian Champagnie,SAS,78.0,27.0,0.44,8.7,0.85,1.6,recovered,0.622,59,145,167
100,115,15,Day'Ron Sharpe,BKN,60.0,25.0,0.595,7.8,0.7,3.3,recovered,0.542,123,98,111
101,100,-1,Herb Jones,NOP,68.0,26.0,0.42,7.6,0.8,1.0,recovered,0.537,103,161,163
102,118,16,Julius Randle,BKN,70.0,31.0,0.472,14.5,0.78,5.9,recovered,0.533,86,41,46
103,120,17,Quentin Grimes,LAL,72.0,30.0,0.45,10.4,0.845,3.0,stated,0.527,80,128,132
104,138,34,Saddiq Bey,NOP,70.0,27.0,0.45,11.7,0.84,3.5,recovered,0.469,90,115,143
105,103,-2,Zach LaVine,SAC,62.0,30.0,0.474,13.7,0.871,3.4,recovered,0.468,113,112,123
106,122,16,Ace Bailey,UTA,74.0,29.0,0.45,14.9,0.77,1.3,recovered,0.353,77,93,100
107,121,14,Ajay Mitchell,OKC,55.0,24.0,0.485,9.7,0.865,2.5,stated,0.332,147,137,153
108,123,15,Josh Hart,NYK,68.0,26.0,0.505,7.9,0.73,1.6,recovered,0.322,102,117,112
109,102,-7,Fred VanVleet,HOU,62.0,26.0,0.39,10.0,0.815,2.6,estimated,0.303,126,119,117
110,127,17,Moussa Diabaté,CHA,72.0,24.5,0.63,5.3,0.665,2.3,recovered,0.291,84,131,146
111,134,23,Toumani Camara,POR,76.0,31.0,0.445,10.0,0.72,1.6,recovered,0.287,76,130,137
112,108,-4,Dereck Lively II,DAL,38.0,20.0,0.65,5.0,0.7,1.8,stated,0.283,226,141,162
113,125,12,Aaron Gordon,DEN,55.0,30.0,0.505,10.3,0.76,4.1,stated,0.222,152,105,113
114,137,23,Caleb Wilson,CHI,70.0,29.0,0.48,12.0,0.715,2.9,estimated,0.197,97,80,90
115,158,43,Jrue Holiday,POR,62.0,23.0,0.455,9.7,0.83,1.6,recovered,0.171,127,127,164
116,133,17,Ja Morant,POR,50.0,31.0,0.455,17.0,0.79,6.4,recovered,0.090,184,39,38
117,116,-1,Cameron Johnson,DEN,58.0,29.0,0.475,9.4,0.84,2.2,stated,0.089,141,157,156
118,99,-19,Rudy Gobert,MIN,69.0,30.0,0.67,6.2,0.53,3.8,recovered,0.085,105,77,103
119,132,13,AJ Dybantsa,WAS,74.0,32.0,0.461,16.2,0.782,3.2,estimated,0.047,88,70,77
120,124,4,Darryn Peterson,UTA,72.0,29.0,0.445,13.8,0.83,2.9,estimated,-0.002,96,99,105
121,145,24,PJ Washington,DAL,66.0,28.0,0.445,10.8,0.72,2.6,stated,-0.009,114,106,114
122,144,22,Dylan Harper,SAS,72.0,27.0,0.5,11.8,0.77,2.0,recovered,-0.045,95,104,115
123,153,30,Jakob Poeltl,TOR,55.0,24.0,0.665,6.7,0.61,2.0,recovered,-0.060,157,134,150
124,63,-61,Mark Williams,PHX,48.0,19.3,0.637,8.0,0.691,2.7,stated,-0.091,192,158,120
125,107,-18,Neemias Queta,BOS,72.0,21.0,0.65,5.3,0.71,1.9,recovered,-0.136,94,154,154
126,162,36,Shaedon Sharpe,POR,64.0,29.0,0.45,15.6,0.8,3.8,recovered,-0.167,129,89,131
127,142,15,Andrew Nembhard,IND,66.0,30.0,0.462,10.0,0.825,3.9,recovered,-0.168,117,110,126
128,97,-31,De'Anthony Melton,GSW,62.0,24.0,0.418,8.9,0.82,2.6,recovered,-0.259,140,152,130
129,157,28,Bennedict Mathurin,LAC,65.0,29.0,0.44,12.4,0.865,6.0,recovered,-0.265,122,103,110
130,147,17,Santi Aldama,DAL,62.0,24.0,0.475,9.9,0.7,2.3,stated,-0.286,136,111,127
131,155,24,Jeremiah Fears,NOP,80.0,28.0,0.438,13.7,0.795,3.3,recovered,-0.420,83,90,121
132,130,-2,Christian Braun,DEN,63.0,30.0,0.515,9.2,0.79,2.4,stated,-0.438,135,147,147
133,129,-4,Egor Dëmin,BKN,67.0,29.0,0.42,11.4,0.83,1.5,recovered,-0.452,124,124,129
134,117,-17,Sandro Mamukelashvili,LAL,72.0,24.0,0.515,9.5,0.755,2.3,stated,-0.475,106,142,134
135,150,15,Peyton Watson,DEN,62.0,26.0,0.485,9.4,0.74,3.0,stated,-0.532,142,135,148
136,152,16,Max Christie,DAL,74.0,29.0,0.45,9.7,0.88,1.8,stated,-0.537,100,159,165
137,143,6,Tari Eason,HOU,58.0,25.0,0.425,9.6,0.78,1.1,recovered,-0.537,163,143,158
138,135,-3,Anthony Black,ORL,70.0,26.0,0.45,10.4,0.75,2.8,stated,-0.570,118,126,142
139,178,39,Jaime Jaquez Jr,MIL,72.0,28.0,0.5,10.5,0.77,3.0,stated,-0.653,111,92,139
140,146,6,Keaton Wagler,LAC,70.0,28.0,0.435,11.7,0.81,2.8,estimated,-0.663,119,114,125
141,141,0,Isaiah Joe,DET,72.0,23.0,0.45,8.2,0.88,1.8,recovered,-0.666,110,186,183
142,174,32,Davion Mitchell,MIA,72.0,29.0,0.475,7.9,0.67,0.9,recovered,-0.674,112,138,151
143,181,38,Mitchell Robinson,BOS,58.0,20.0,0.71,3.6,0.42,1.7,recovered,-0.759,170,150,191
144,148,4,Morez Johnson Jr,DAL,70.0,17.0,0.57,6.2,0.73,2.0,stated,-0.788,115,162,173
145,165,20,Gui Santos,GSW,72.0,27.0,0.48,10.2,0.755,2.4,recovered,-0.920,120,132,141
146,149,3,Mikel Brown Jr,BKN,68.0,29.0,0.425,11.8,0.84,2.9,estimated,-0.920,134,107,118
147,183,36,De'Andre Hunter,SAC,68.0,28.0,0.438,11.4,0.852,3.4,recovered,-0.942,132,136,169
148,176,28,Wendell Carter Jr,ORL,68.0,24.0,0.515,6.7,0.79,2.3,stated,-0.975,130,160,166
149,160,11,RJ Barrett,TOR,67.0,31.0,0.486,13.5,0.725,5.0,recovered,-0.998,138,83,89
150,212,62,Rui Hachimura,LAC,65.0,27.0,0.51,9.4,0.72,1.0,recovered,-1.053,146,171,212
151,168,17,Jaylon Tyson,CLE,72.0,27.0,0.465,9.5,0.75,1.6,recovered,-1.064,121,146,157
152,156,4,Grayson Allen,CHA,58.0,22.0,0.415,9.5,0.855,2.5,recovered,-1.089,177,163,168
153,163,10,Naji Marshall,DAL,70.0,27.0,0.5,10.4,0.76,3.2,stated,-1.127,133,133,145
154,169,15,Josh Minott,BKN,65.0,18.0,0.49,6.4,0.79,1.3,recovered,-1.187,148,198,201
155,164,9,Aaron Nesmith,IND,62.0,26.0,0.447,7.8,0.835,2.2,recovered,-1.187,159,175,178
156,173,17,Draymond Green,GSW,62.0,27.0,0.43,6.8,0.71,1.2,recovered,-1.218,164,129,140
157,172,15,Jusuf Nurkic,UTA,58.0,23.0,0.505,7.4,0.62,2.4,recovered,-1.228,188,102,116
158,189,31,Bobby Portis,MIA,68.0,24.0,0.495,9.9,0.73,1.0,recovered,-1.235,137,153,171
159,170,11,Kelly Oubre Jr,IND,62.0,25.0,0.455,8.9,0.765,2.3,recovered,-1.244,168,164,170
160,159,-1,Darius Acuff Jr,SAC,72.0,31.0,0.439,15.3,0.817,3.1,estimated,-1.315,131,84,88
161,167,6,Collin Sexton,LAL,68.0,24.0,0.48,10.0,0.855,3.2,stated,-1.388,143,149,161
162,177,15,Kris Dunn,LAC,72.0,22.0,0.455,5.4,0.76,0.8,recovered,-1.471,139,184,195
163,131,-32,Tobias Harris,SAS,65.0,21.0,0.475,8.1,0.86,1.9,recovered,-1.488,155,173,159
164,211,47,Jerami Grant,MEM,60.0,24.0,0.445,8.8,0.815,3.6,stated,-1.605,180,151,177
165,151,-14,Malik Monk,SAC,68.0,25.0,0.44,10.6,0.86,1.9,recovered,-1.636,150,155,149
166,175,9,Max Strus,CLE,65.0,26.0,0.434,8.4,0.81,0.9,recovered,-1.664,161,168,172
167,184,17,Paul Reed,DET,65.0,15.0,0.6,4.6,0.68,1.8,recovered,-1.781,167,196,205
168,188,20,Karlo Matković,NOP,62.0,17.0,0.59,4.8,0.73,0.8,recovered,-1.788,172,214,219
169,180,11,Brook Lopez,LAC,66.0,22.0,0.43,7.1,0.77,1.0,recovered,-1.793,160,185,189
170,179,9,Miles McBride,NYK,64.0,23.0,0.425,8.4,0.8,1.0,recovered,-1.831,175,195,187
171,182,11,Al Horford,GSW,50.0,18.0,0.44,5.8,0.82,0.5,recovered,-1.968,225,200,202
172,187,15,Ryan Kalkbrenner,CHA,66.0,16.0,0.74,3.4,0.72,1.3,recovered,-2.057,162,223,228
173,186,13,Tim Hardaway Jr,MIA,74.0,25.0,0.445,8.8,0.82,2.3,recovered,-2.113,145,199,188
174,209,35,Ja'Kobe Walter,TOR,70.0,22.0,0.435,7.0,0.79,1.4,recovered,-2.173,165,213,235
175,,,Joan Beringer,MIN,62.0,16.0,0.64,4.9,0.62,1.6,estimated,-2.211,189,187,
176,,,Adam Flagler,SAC,36.0,30.7,0.438,14.5,0.835,3.1,estimated,-2.277,253,140,
177,193,16,Isaiah Jackson,LAC,64.0,18.0,0.62,4.6,0.65,2.1,recovered,-2.323,190,183,200
178,224,46,Jake LaRavia,LAL,74.0,22.0,0.465,4.8,0.78,1.2,stated,-2.324,153,206,249
179,171,-8,Jalen Green,PHX,67.0,31.9,0.426,16.1,0.797,2.9,stated,-2.351,181,123,94
180,,,Tucker DeVries,BOS,36.0,29.8,0.416,13.6,0.775,3.0,estimated,-2.359,254,120,
181,198,17,Hannes Steinbach,CHA,70.0,18.0,0.52,6.7,0.755,1.8,estimated,-2.362,166,172,179
182,,,Brandon Williams,DAL,24.0,26.7,0.372,2.5,0.701,0.5,stated,-2.397,259,139,
183,242,59,Yves Missi,NOP,68.0,21.0,0.56,4.8,0.585,1.6,recovered,-2.407,171,169,232
184,52,-132,Josh Giddey,CHI,54.0,31.5,0.419,10.2,0.709,4.1,recovered,-2.437,229,75,17
185,194,9,Alex Caruso,OKC,58.0,17.0,0.43,4.7,0.8,0.9,stated,-2.437,218,233,231
186,,,Jamir Watkins,WAS,50.0,20.6,0.446,5.7,0.695,2.1,estimated,-2.506,240,203,
187,232,45,Zaccharie Risacher,DAL,75.0,24.6,0.458,10.9,0.711,1.4,recovered,-2.554,158,167,223
188,202,14,T.J. McConnell,IND,58.0,15.0,0.53,6.6,0.8,0.4,recovered,-2.566,217,202,210
189,200,11,Pelle Larsson,MIA,72.0,24.0,0.495,7.0,0.8,3.0,recovered,-2.573,169,174,180
190,195,5,Duncan Robinson,DET,70.0,21.0,0.45,7.4,0.82,1.1,recovered,-2.614,174,222,217
191,217,26,Luguentz Dort,ATL,68.0,27.0,0.4,7.8,0.76,0.9,stated,-2.620,191,207,229
192,,,Patrick Williams,CHI,71.0,27.9,0.483,6.6,0.728,2.8,estimated,-2.623,176,177,
193,190,-3,Sam Merrill,CLE,66.0,20.0,0.43,7.3,0.87,1.0,recovered,-2.745,197,226,220
194,64,-130,Matas Buzelis,CHI,80.0,18.9,0.454,6.3,0.815,2.0,recovered,-2.780,144,212,69
195,206,11,Dean Wade,PHI,62.0,23.0,0.44,4.8,0.75,0.6,recovered,-2.785,206,229,224
196,,,Corey Kispert,ATL,77.0,23.4,0.455,5.1,0.871,2.3,estimated,-2.786,154,238,
197,215,18,Andre Drummond,NYK,62.0,17.0,0.535,4.8,0.62,1.1,recovered,-2.787,205,180,194
198,,,Maxime Raynaud,SAC,70.0,16.0,0.56,6.7,0.78,1.6,estimated,-2.802,178,192,
199,161,-38,Derrick Jones Jr,LAC,62.0,21.0,0.495,5.5,0.76,1.5,recovered,-2.821,207,228,182
200,197,-3,Jaylen Wells,MEM,68.0,24.0,0.432,10.0,0.79,2.2,stated,-2.829,196,182,174
201,203,2,Bilal Coulibaly,WAS,68.0,18.0,0.43,6.2,0.755,2.2,recovered,-2.845,195,201,206
202,204,2,Kevin Huerter,DET,67.0,18.5,0.445,6.3,0.8,0.8,recovered,-2.873,199,224,222
203,208,5,Jarace Walker,IND,72.0,22.0,0.44,6.9,0.75,2.1,recovered,-2.958,187,181,186
204,,,Danny Wolf,BKN,62.0,20.0,0.425,8.1,0.78,2.0,estimated,-2.972,212,165,
205,111,-94,Miles Bridges,PHX,80.0,21.2,0.464,13.1,0.753,2.9,stated,-2.975,156,211,97
206,214,8,Kyle Filipowski,UTA,72.0,16.0,0.49,5.9,0.75,1.9,recovered,-2.985,185,191,199
207,210,3,Nique Clifford,SAC,74.0,23.0,0.43,8.5,0.75,1.2,recovered,-3.027,183,176,181
208,253,45,Scoot Henderson,POR,58.0,21.0,0.42,10.3,0.81,2.8,recovered,-3.110,230,148,204
209,196,-13,Anfernee Simons,PHI,60.0,23.0,0.44,8.8,0.89,1.3,recovered,-3.140,223,208,209
210,219,9,Royce O'Neale,CHA,70.0,18.0,0.418,5.6,0.73,0.3,recovered,-3.149,198,231,225
211,220,9,Dominick Barlow,PHI,64.0,20.0,0.54,4.5,0.725,1.5,recovered,-3.185,213,225,230
212,213,1,Kingston Flemings,ATL,70.0,19.0,0.43,7.1,0.81,1.9,estimated,-3.185,200,188,197
213,,,Jonathan Mogbo,SAC,63.0,20.4,0.438,5.0,0.732,2.0,estimated,-3.218,221,197,
214,,,Olivier Sarr,CLE,22.0,19.1,0.574,4.2,0.828,1.9,estimated,-3.240,262,234,
215,,,Caris LeVert,MIL,57.0,21.7,0.45,2.8,0.72,0.5,stated,-3.257,236,218,
216,216,0,Noah Clowney,BKN,62.0,17.0,0.415,6.5,0.8,2.1,recovered,-3.262,222,215,214
217,207,-10,Keldon Johnson,SAS,75.0,16.0,0.505,7.3,0.79,1.6,recovered,-3.313,186,217,196
218,255,37,Jamal Shead,TOR,78.0,21.0,0.39,6.5,0.79,1.3,recovered,-3.316,182,189,244
219,185,-34,Cam Spencer,MEM,68.0,15.0,0.468,6.3,0.92,1.4,stated,-3.350,201,239,193
220,191,-29,Isaiah Stewart,MEM,64.0,15.0,0.545,5.7,0.75,1.8,stated,-3.375,215,230,207
221,221,0,Ron Holland II,DET,75.0,18.0,0.44,6.8,0.77,1.7,recovered,-3.382,193,216,218
222,,,Cam Whitmore,WAS,47.0,18.7,0.454,10.3,0.679,1.9,estimated,-3.384,250,178,
223,225,2,Sam Hauser,BOS,70.0,19.0,0.43,5.9,0.87,0.2,recovered,-3.425,202,245,257
224,192,-32,Deandre Ayton,WAS,68.0,16.0,0.635,5.4,0.675,1.2,recovered,-3.429,204,219,175
225,260,35,Walter Clayton Jr,MEM,68.0,20.0,0.395,5.4,0.88,1.4,stated,-3.488,210,193,251
226,226,0,Brayden Burries,MIL,70.0,16.0,0.447,8.2,0.78,2.0,stated,-3.525,208,205,208
227,222,-5,Brice Sensabaugh,UTA,68.0,18.0,0.455,7.8,0.82,2.1,recovered,-3.551,211,221,216
228,,,Buddy Hield,ATL,82.0,23.0,0.426,8.1,0.842,2.3,estimated,-3.630,173,210,
229,229,0,Tarik Biberovic,DAL,60.0,18.0,0.44,7.1,0.85,1.0,stated,-3.641,234,242,238
230,31,-199,Devin Booker,PHX,76.0,27.7,0.423,18.8,0.84,7.5,stated,-3.644,194,166,21
231,233,2,Chaney Johnson,BKN,25.0,15.0,0.51,4.5,0.76,1.5,recovered,-3.729,261,236,240
232,,,Ryan Dunn,PHX,74.0,19.1,0.43,3.1,0.487,0.4,stated,-3.745,203,237,
233,239,6,Isaiah Collier,UTA,70.0,18.0,0.495,6.4,0.73,2.5,recovered,-3.963,224,179,192
234,235,1,Adem Bona,PHI,65.0,16.0,0.61,2.7,0.71,1.5,recovered,-3.972,228,252,255
235,223,-12,Jared McCain,OKC,64.0,17.0,0.455,6.8,0.865,0.9,stated,-3.975,232,246,248
236,243,7,Nae'Qwan Tomlin,CLE,64.0,15.0,0.495,4.6,0.75,1.0,recovered,-4.002,233,251,254
237,,,Jordan Miller,LAC,68.0,17.0,0.515,5.5,0.78,1.7,estimated,-4.005,227,241,
238,199,-39,Hugo Gonzalez,BOS,76.0,16.0,0.474,4.8,0.67,0.4,recovered,-4.109,209,250,198
239,,,Isaac Okoro,CHI,67.0,32.4,0.42,7.6,0.726,3.2,estimated,-4.176,239,194,
240,241,1,Josh Green,MIN,62.0,19.0,0.465,3.9,0.82,0.6,recovered,-4.182,244,262,259
241,248,7,Luke Kennard,PHX,73.0,20.0,0.443,4.2,0.855,0.6,stated,-4.188,220,243,261
242,245,3,Terance Mann,BKN,62.0,17.0,0.475,5.3,0.79,0.9,recovered,-4.188,243,240,246
243,201,-42,Baylor Scheierman,BOS,74.0,16.0,0.45,4.2,0.89,0.3,recovered,-4.235,219,258,241
244,247,3,Dailyn Swain,CHI,64.0,17.0,0.44,6.7,0.79,1.7,estimated,-4.333,246,220,221
245,252,7,Tyus Jones,DEN,64.0,17.0,0.43,4.5,0.8,0.5,stated,-4.367,245,254,253
246,230,-16,Tre Johnson,WAS,70.0,18.0,0.425,8.3,0.865,1.1,recovered,-4.375,231,232,227
247,,,Landry Shamet,NYK,61.0,20.0,0.44,5.4,0.76,2.0,estimated,-4.394,248,253,
248,,,Dalton Knecht,LAL,78.0,19.2,0.461,3.6,0.762,0.5,stated,-4.414,214,244,
249,251,2,Daniss Jenkins,DET,69.0,16.0,0.41,5.8,0.825,1.7,recovered,-4.429,235,235,234
250,154,-96,Dillon Brooks,PHX,82.0,28.7,0.44,15.2,0.747,3.0,stated,-4.444,216,190,122
251,246,-5,Trey Lyles,MIN,68.0,17.0,0.455,4.6,0.77,1.7,estimated,-4.449,238,249,245
252,249,-3,Kyle Kuzma,MIL,62.0,18.0,0.47,9.2,0.73,2.2,stated,-4.571,249,204,185
253,,,AJ Green,MIL,70.0,18.0,0.425,3.2,0.86,0.4,stated,-4.593,237,260,
254,236,-18,Aaron Wiggins,ATL,50.0,24.2,0.463,7.1,0.729,1.2,recovered,-4.628,255,227,243
255,238,-17,Terrence Shannon Jr,MIN,68.0,19.0,0.47,5.5,0.79,2.4,recovered,-4.630,241,248,226
256,256,0,Nolan Traoré,BKN,60.0,19.0,0.405,7.6,0.79,1.5,recovered,-4.783,251,209,213
257,234,-23,Klay Thompson,DAL,38.0,15.0,0.4,9.2,0.8,0.7,stated,-4.945,258,247,211
258,,,Oso Ighodaro,PHX,61.0,17.1,0.604,3.0,0.58,1.0,stated,-5.014,252,256,
259,258,-1,Sion James,CHA,76.0,15.0,0.4,4.7,0.82,0.8,recovered,-5.137,242,257,258
260,65,-195,Dyson Daniels,ATL,59.0,17.7,0.418,3.3,0.65,0.9,recovered,-5.392,256,255,74
261,261,0,Dorian Finney-Smith,CHA,50.0,17.0,0.39,4.5,0.75,0.2,recovered,-5.597,257,261,262
262,,,Donte DiVincenzo,MIN,27.0,15.2,0.403,3.7,0.75,1.5,estimated,-5.988,264,264,
263,,,Nick Boyd,GSW,23.0,15.0,0.423,3.8,0.769,1.5,estimated,-6.537,265,265,
264,,,Kam Jones,MIL,37.0,16.6,0.402,3.0,0.5,0.5,stated,-6.692,263,259,
265,,,Zach Collins,CHI,66.0,15.8,0.398,3.6,0.643,1.6,estimated,-7.150,260,263,
