player,pos,csv_team,nfl_team,age,years_exp,draft_year,draft_overall,draft_club,college,g_2023,g_2024,g_2025,games_played_3yr,games_possible_3yr,games_missed_3yr,seasons_unmatched,avail,avail_basis,inj_weeks_out_3yr,inj_weeks_qd_3yr,missed_off_injury_report,inj_parts_3yr,snap_pct_2025,carries_2025,targets_2025,receptions_2025,tgt_share_2025,rush_yards_2025,rec_yards_2025,pass_yards_2025,contract_value,contract_apy,contract_gtd,contract_free_agent,source
A.J. Brown,WR,NE,NE,29.2,7,2019,51,TEN,Mississippi,17,13,15,45,51,6,,0.874,history,2,3,4,Hamstring (4); Knee (1),91.2,0,121,78,26.1,0,1003,0,"$96,000,000","$32,000,000","$84,000,000",2030 Void,nflverse 2026-07-25
AJ Barner,TE,SEA,SEA,24.4,2,2024,121,SEA,Michigan; Indiana,,15,17,32,34,2,,0.907,history,0,1,2,Calf (1),79.0,10,68,52,14.9,14,519,0,"$4,775,108","$1,193,777","$755,108",2028 UFA,nflverse 2026-07-25
Aaron Jones,RB,MIN,MIN,31.8,9,2017,182,GB,Texas-El Paso,11,17,12,40,51,11,,0.794,history,3,10,8,Hamstring (6); Knee (4); Shoulder (1),55.1,132,41,28,8.8,548,199,0,"$5,560,000","$5,560,000","$5,000,000",2027 UFA,nflverse 2026-07-25
Aaron Rodgers,QB,PIT,PIT,42.8,21,2005,24,GB,California; Butte College,1,17,16,34,51,17,,0.701,history,6,1,11,Achilles (6); Wrist (1),95.3,21,1,1,0.2,61,-9,3322,"$22,500,000","$22,500,000","$22,000,000",2027 UFA,nflverse 2026-07-25
Adonai Mitchell,WR,NYJ,NYJ,23.9,2,2024,52,IND,Texas; Georgia,,17,16,33,34,1,,0.93,history,0,0,1,,50.6,1,74,33,14.0,-4,453,0,"$7,386,086","$1,846,522","$4,817,431",2028 UFA,nflverse 2026-07-25
Alec Pierce,WR,IND,IND,26.4,4,2022,53,IND,Cincinnati,17,16,15,48,51,3,,0.918,history,3,4,0,Concussion (3); Shoulder (2); Ankle (1),85.9,0,84,47,15.8,0,1003,0,"$114,000,000","$28,500,000","$84,000,000",2030 Void,nflverse 2026-07-25
Alvin Kamara,RB,NO,NO,31.1,9,2017,67,NO,Tennessee; Hutchinson CC; Alabama,13,14,11,38,51,13,,0.765,history,8,8,5,Knee (6); Ankle (5); Groin (3),63.7,131,39,33,6.9,471,186,0,"$24,500,000","$12,250,000","$22,233,333",2027 Void,nflverse 2026-07-25
Amon-Ra St. Brown,WR,DET,DET,26.9,5,2021,112,DET,USC,16,17,17,50,51,1,,0.947,history,0,7,1,Knee (3); Toe (1); Abdomen (1),85.2,3,172,117,31.3,9,1401,0,"$120,010,000","$30,002,500","$77,000,000",2029 Void,nflverse 2026-07-25
Ashton Jeanty,RB,LV,LV,22.8,1,2025,6,LV,Boise State,,,17,17,17,0,,0.912,history,0,0,0,,77.9,266,73,55,14.8,975,346,0,"$35,895,812","$8,973,953","$35,895,812",2029 UFA,nflverse 2026-07-25
Baker Mayfield,QB,TB,TB,31.4,8,2018,1,CLE,Oklahoma; Texas Tech,17,17,17,51,51,0,,0.951,history,0,4,0,Knee (1); Ribs (1); Biceps (1),97.1,55,0,0,,382,0,3693,"$100,000,000","$33,333,333","$50,000,000",2027 Void,nflverse 2026-07-25
Bhayshul Tuten,RB,JAC,JAX,24.6,1,2025,104,JAX,Virginia Tech; North Carolina A&T,,,15,15,17,2,,0.853,history,1,1,1,Finger (2),21.6,83,14,10,2.6,307,79,0,"$5,316,250","$1,329,063","$1,076,520",2029 UFA,nflverse 2026-07-25
Bijan Robinson,RB,ATL,ATL,24.6,3,2023,8,ATL,Texas,17,17,17,51,51,0,,0.956,history,0,0,0,,78.2,287,103,79,19.8,1478,820,0,"$21,958,544","$5,489,636","$21,958,544",2028 UFA,nflverse 2026-07-25
Blake Corum,RB,LAR,LA,25.8,2,2024,83,LAR,Michigan,,15,17,32,34,2,,0.902,history,0,1,2,Ankle (1),30.3,145,14,8,2.4,746,36,0,"$5,763,762","$1,440,941","$1,011,828",2028 UFA,nflverse 2026-07-25
Bo Nix,QB,DEN,DEN,26.5,2,2024,12,DEN,Oregon; Auburn,,17,17,34,34,0,,0.935,history,0,0,0,,99.7,83,1,0,0.2,356,0,3931,"$18,613,166","$4,653,292","$18,613,166",2028 UFA,nflverse 2026-07-25
Braelon Allen,RB,NYJ,NYJ,22.6,2,2024,134,NYJ,Wisconsin,,17,4,21,34,13,,0.686,history,0,1,13,Back (1),23.2,18,3,2,0.6,76,17,0,"$4,548,708","$1,137,177","$528,708",2028 UFA,nflverse 2026-07-25
Breece Hall,RB,NYJ,NYJ,25.3,4,2022,36,NYJ,Iowa State,17,16,16,49,51,2,,0.926,history,1,8,1,Knee (7); Hamstring (1); Ankle (1),64.4,243,48,36,10.2,1065,350,4,"$43,500,000","$14,500,000","$29,000,000",2029 Void,nflverse 2026-07-25
Brenton Strange,TE,JAC,JAX,25.7,3,2023,61,JAX,Penn State,7,14,12,33,51,18,,0.695,history,2,4,16,Foot (4); Hip (2),75.8,0,60,46,11.0,0,540,0,"$36,000,000","$12,000,000","$25,000,000",2030 Void,nflverse 2026-07-25
Brian Robinson Jr.,RB,ATL,ATL,27.5,4,2022,98,WAS,Alabama,15,14,17,46,51,5,,0.882,history,3,4,2,Hamstring (4); Knee (3),16.9,92,12,8,2.2,400,25,0,"$2,500,000","$2,500,000","$775,000",2027 UFA,nflverse 2026-07-25
Brian Thomas Jr.,WR,JAC,JAX,23.9,2,2024,23,JAX,LSU,,17,14,31,34,3,,0.891,history,2,3,1,Ankle (3); Chest (2),77.6,3,91,48,16.6,21,707,0,"$14,659,978","$3,664,995","$14,659,978",2028 UFA,nflverse 2026-07-25
Brock Bowers,TE,LV,LV,23.7,2,2024,13,LV,Georgia,,17,12,29,34,5,,0.848,history,1,3,4,Knee (4),85.9,2,86,64,17.4,2,680,0,"$18,138,784","$4,534,696","$18,138,784",2028 UFA,nflverse 2026-07-25
Brock Purdy,QB,SF,SF,26.7,4,2022,262,SF,Iowa State,16,15,9,40,51,11,,0.789,history,7,5,4,Toe (6); Right Shoulder (2); Shoulder (2),96.8,33,0,0,,147,0,2167,"$265,000,000","$53,000,000","$182,550,000",2031 Void,nflverse 2026-07-25
Bryce Young,QB,CAR,CAR,25.1,3,2023,1,CAR,Alabama,16,14,16,46,51,5,,0.878,history,1,1,4,Ankle (2),96.9,54,0,0,,216,0,3011,"$37,955,074","$9,488,769","$37,955,074",2028 UFA,nflverse 2026-07-25
Bucky Irving,RB,TB,TB,24.1,2,2024,125,TB,Oregon; Minnesota,,17,10,27,34,7,,0.804,history,7,6,0,Foot (5); Shoulder (3); Toe (2),61.6,173,35,30,6.5,588,277,0,"$4,751,552","$1,187,888","$731,552",2028 UFA,nflverse 2026-07-25
C.J. Stroud,QB,HOU,HOU,24.9,3,2023,2,HOU,Ohio State,15,17,14,46,51,5,,0.878,history,4,2,1,Concussion (5); right Shoulder (1),92.3,48,0,0,,209,0,3041,"$36,279,244","$9,069,811","$36,279,244",2028 UFA,nflverse 2026-07-25
Cade Otton,TE,TB,TB,27.4,4,2022,106,TB,Washington,17,14,15,46,51,5,,0.886,history,1,3,4,Knee (4),93.5,0,81,59,15.0,0,572,0,"$30,000,000","$10,000,000","$20,000,000",2029 UFA,nflverse 2026-07-25
Caleb Williams,QB,CHI,CHI,24.8,2,2024,1,CHI,USC; Oklahoma,,17,17,34,34,0,,0.935,history,0,0,0,,99.2,77,2,2,0.4,383,22,3942,"$39,486,058","$9,871,515","$39,486,058",2028 UFA,nflverse 2026-07-25
Calvin Ridley,WR,TEN,TEN,31.7,8,2018,26,ATL,Alabama,17,17,7,41,51,10,,0.815,history,3,2,7,Hamstring (4); Knee (1),57.1,0,36,17,6.8,0,303,0,"$35,250,000","$17,625,000","$12,490,000",2028 UFA,nflverse 2026-07-25
Cam Skattebo,RB,NYG,NYG,24.6,1,2025,105,NYG,Arizona State; Sacramento State,,,8,8,17,9,,0.647,history,0,0,9,,52.3,101,32,24,6.4,410,207,0,"$5,273,040","$1,318,260","$1,073,040",2029 UFA,nflverse 2026-07-25
Cam Ward,QB,TEN,TEN,24.3,1,2025,1,TEN,Miami; Washington State; Incarnate Word,,,17,17,17,0,,0.902,history,0,0,0,,94.6,39,0,0,,159,0,3169,"$48,839,604","$12,209,901","$48,839,604",2029 UFA,nflverse 2026-07-25
Carnell Tate,WR,TEN,TEN,21.6,0,2026,4,TEN,Ohio State,,,,0,0,,,0.848,position base rate (no NFL history),0,0,,,,,,,,,,,"$51,134,912","$12,783,728","$51,134,912",2030 UFA,nflverse 2026-07-25
CeeDee Lamb,WR,DAL,DAL,27.4,6,2020,17,DAL,Oklahoma,17,15,13,45,51,6,,0.874,history,4,1,2,Ankle (3); Back (1); Shoulder (1),72.9,1,117,75,19.3,2,1077,0,"$136,000,000","$34,000,000","$100,000,000",2029 Void,nflverse 2026-07-25
Chase Brown,RB,CIN,CIN,26.5,3,2023,163,CIN,Illinois; Western Michigan,12,16,17,45,51,6,,0.868,history,1,3,5,Hamstring (2); Quadricep (1); Ankle (1),66.6,232,88,69,14.5,1019,437,0,"$4,126,156","$1,031,539","$286,156",2027 UFA,nflverse 2026-07-25
Chigoziem Okonkwo,TE,WAS,WAS,27.0,4,2022,143,TEN,Maryland,17,16,17,50,51,1,,0.945,history,0,2,1,Illness (1); Abdomen (1),63.7,0,79,56,14.9,0,560,0,"$27,000,000","$9,000,000","$16,700,000",2029 UFA,nflverse 2026-07-25
Chris Godwin,WR,TB,TB,30.5,9,2017,84,TB,Penn State,17,7,9,33,51,18,,0.697,history,8,5,10,Fibula (6); Ankle (4); Neck (2),70.9,0,51,33,9.4,0,360,0,"$66,000,000","$22,000,000","$44,000,000",2028 Void,nflverse 2026-07-25
Chris Olave,WR,NO,NO,26.2,4,2022,11,NO,Ohio State,16,8,16,40,51,11,,0.8,history,4,9,7,Concussion (3); Head (3); Back (3),84.3,1,156,100,27.6,-3,1163,0,"$19,271,872","$4,817,968","$19,271,872",2027 UFA,nflverse 2026-07-25
Chris Rodriguez Jr.,RB,JAC,JAX,27.0,3,2023,193,WAS,Kentucky,9,7,12,28,51,23,,0.618,history,1,4,22,Illness (3); Calf (1); Groin (1),31.2,112,4,3,0.9,500,30,0,"$10,000,000","$5,000,000","$6,200,000",2028 Void,nflverse 2026-07-25
Christian McCaffrey,RB,SF,SF,30.3,9,2017,8,CAR,Stanford,16,4,17,37,51,14,,0.75,history,2,4,12,Calf (4); Oblique (1); Achilles (1),81.7,311,129,102,23.5,1202,924,0,"$38,000,000","$19,000,000","$24,000,000",2028 Void,nflverse 2026-07-25
Christian Watson,WR,GB,GB,27.3,4,2022,34,GB,North Dakota State,9,14,10,33,51,18,,0.697,history,4,14,14,Hamstring (9); Knee (5); Ankle (2),68.8,1,55,35,12.0,3,611,0,"$92,000,000","$23,000,000","$31,000,000",2031 UFA,nflverse 2026-07-25
Chuba Hubbard,RB,CAR,CAR,27.2,5,2021,126,CAR,Oklahoma State,17,15,15,47,51,4,,0.897,history,2,2,2,Calf (3); Knee (1),46.8,134,39,30,8.1,511,223,0,"$33,200,000","$8,300,000","$16,558,000",2029 UFA,nflverse 2026-07-25
Colston Loveland,TE,CHI,CHI,22.4,1,2025,10,CHI,Michigan,,,16,16,17,1,,0.889,history,0,2,1,Hip (2),65.4,1,82,58,15.4,-2,713,0,"$26,636,008","$6,659,002","$26,636,008",2029 UFA,nflverse 2026-07-25
Cooper Kupp,WR,SEA,SEA,33.2,9,2017,69,LAR,Eastern Washington,12,12,16,40,51,11,,0.8,history,3,6,8,Ankle (4); Hamstring (2); Coach's decision (1),75.7,0,70,47,15.4,0,593,0,"$45,000,000","$15,000,000","$26,500,000",2028 UFA,nflverse 2026-07-25
Courtland Sutton,WR,DEN,DEN,30.9,8,2018,40,DEN,SMU,16,16,17,49,51,2,,0.933,history,1,0,1,Concussion (1),85.7,0,124,74,21.2,0,1017,0,"$92,000,000","$23,000,000","$41,000,000",2030 Void,nflverse 2026-07-25
D'Andre Swift,RB,CHI,CHI,27.7,6,2020,35,DET,Georgia,16,17,16,49,51,2,,0.926,history,1,10,1,Groin (7); Quadricep (2); Illness (1),57.7,223,48,34,9.0,1087,299,0,"$24,000,000","$8,000,000","$15,300,000",2027 UFA,nflverse 2026-07-25
D.J. Moore,WR,BUF,BUF,29.4,8,2018,24,CAR,Maryland,17,17,17,51,51,0,,0.962,history,0,3,0,Ankle (1); Quadricep (1); Illness (1),84.2,15,85,50,16.0,79,682,2,"$110,000,000","$27,500,000","$82,635,000",2030 Void,nflverse 2026-07-25
DJ Giddens,RB,IND,IND,23.0,1,2025,151,IND,Kansas State,,,5,5,17,12,,0.559,history,0,0,12,,12.0,26,2,0,0.4,96,0,0,"$4,624,744","$1,156,186","$424,744",2029 UFA,nflverse 2026-07-25
DK Metcalf,WR,PIT,PIT,28.7,7,2019,64,SEA,Mississippi,16,15,15,46,51,5,,0.889,history,1,4,4,Ribs (2); Knee (2); Back (1),87.2,2,99,59,19.0,12,850,0,"$131,999,529","$32,999,882","$80,000,471",2030 UFA,nflverse 2026-07-25
Dak Prescott,QB,DAL,DAL,33.1,10,2016,135,DAL,Mississippi State,17,8,17,42,51,9,,0.819,history,2,0,7,Hamstring (2),95.1,53,0,0,,177,0,4552,"$240,000,000","$60,000,000","$231,000,000",2029 Void,nflverse 2026-07-25
Dallas Goedert,TE,PHI,PHI,31.7,8,2018,49,PHI,South Dakota State,14,10,15,39,51,12,,0.783,history,8,1,4,Forearm (3); Hamstring (3); Knee (3),85.1,0,82,60,17.7,0,591,0,"$7,000,000","$7,000,000","$7,000,000",2027 Void,nflverse 2026-07-25
Dalton Kincaid,TE,BUF,BUF,26.9,3,2023,25,BUF,Utah; Univ of California-San Diego,16,13,12,41,51,10,,0.812,history,4,9,6,Knee (6); Hamstring (4); Oblique (2),38.7,0,49,39,10.2,0,571,0,"$13,427,040","$3,356,760","$13,427,040",2028 UFA,nflverse 2026-07-25
Dalton Schultz,TE,HOU,HOU,30.2,8,2018,137,DAL,Stanford,15,17,17,49,51,2,,0.93,history,2,1,0,Hamstring (2); Knee (1),68.6,0,106,82,19.2,0,777,0,"$12,600,000","$12,600,000","$17,600,000",2028 Void,nflverse 2026-07-25
Daniel Jones,QB,IND,IND,29.3,7,2019,6,NYG,Duke,6,10,13,29,51,22,,0.628,history,2,1,20,Neck (3),91.5,45,0,0,,164,0,3101,"$88,000,000","$44,000,000","$60,000,000",2028 Void,nflverse 2026-07-25
Davante Adams,WR,LAR,LA,33.7,12,2014,53,GB,Fresno State,17,14,14,45,51,6,,0.874,history,3,10,3,Hamstring (7); Shoulder (1); Illness (1),71.2,0,114,60,19.6,0,789,0,"$44,000,000","$22,000,000","$26,000,000",2027 Void,nflverse 2026-07-25
David Montgomery,RB,HOU,HOU,29.3,7,2019,73,CHI,Iowa State,14,14,17,45,51,6,,0.868,history,5,4,1,Knee (3); Thigh (2); Ribs (2),37.1,158,29,24,5.3,716,192,3,"$16,500,000","$8,250,000","$10,000,000",2028 Void,nflverse 2026-07-25
De'Von Achane,RB,MIA,MIA,24.9,3,2023,84,MIA,Texas A&M,11,17,16,44,51,7,,0.853,history,0,5,7,Knee (2); Toe (1); Ankle (1),75.4,238,85,67,18.4,1350,488,0,"$64,000,000","$16,000,000","$27,378,000",2031 UFA,nflverse 2026-07-25
DeVonta Smith,WR,PHI,PHI,27.8,5,2021,10,PHI,Alabama,16,13,17,46,51,5,,0.889,history,3,2,2,Hamstring (2); Ankle (1); Concussion (1),84.8,0,113,77,24.4,0,1008,0,"$75,000,000","$25,000,000","$69,997,554",2029 Void,nflverse 2026-07-25
Denzel Boston,WR,CLE,CLE,22.8,0,2026,39,CLE,Washington,,,,0,0,,,0.848,position base rate (no NFL history),0,0,,,,,,,,,,,"$12,385,596","$3,096,399","$12,385,596",2030 UFA,nflverse 2026-07-25
Derrick Henry,RB,BAL,BAL,32.7,10,2016,45,TEN,Alabama,17,17,17,51,51,0,,0.956,history,0,0,0,,54.5,307,21,15,5.2,1595,150,0,"$30,000,000","$15,000,000","$25,000,000",2028 Void,nflverse 2026-07-25
Deshaun Watson,QB,CLE,CLE,31.0,9,2017,12,HOU,Clemson,6,7,,13,34,21,2025,0.523,"history, 2 of 3 seasons (no stat line found for 2025)",5,2,16,right Shoulder (4); Achilles (3),,,,,,,,,"$230,000,000","$46,000,000","$230,000,000",2027 Void,nflverse 2026-07-25
Drake London,WR,ATL,ATL,25.1,4,2022,8,ATL,USC,16,17,12,45,51,6,,0.874,history,5,6,1,Knee (7); Hip (2); Groin (1),90.7,0,112,68,21.6,0,919,0,"$141,054,000","$35,263,500","$100,000,000",2031 Void,nflverse 2026-07-25
Drake Maye,QB,NE,NE,24.0,2,2024,3,NE,North Carolina,,13,17,30,34,4,,0.857,history,0,2,4,Concussion (1); Right Hand (1),96.6,103,1,1,0.2,450,2,4394,"$36,639,764","$9,159,941","$36,639,764",2028 UFA,nflverse 2026-07-25
Dylan Sampson,RB,CLE,CLE,22.0,1,2025,126,CLE,Tennessee,,,15,15,17,2,,0.853,history,2,2,0,Calf (2); Hand (2),26.5,65,40,33,7.7,175,271,0,"$5,130,564","$1,282,641","$930,564",2029 UFA,nflverse 2026-07-25
Emari Demercado,RB,KC,KC,27.6,3,2023,,,TCU,11,13,12,36,51,15,,0.735,history,8,3,7,Ankle (5); Toe (4); Back (2),23.2,44,20,13,3.2,312,101,0,"$1,250,000","$1,250,000","$550,000",2027 UFA,nflverse 2026-07-25
Emeka Egbuka,WR,TB,TB,23.9,1,2025,19,TB,Ohio State,,,17,17,17,0,,0.924,history,0,2,0,Hip (1); Hamstring (1),77.6,2,127,63,23.5,9,938,0,"$18,172,730","$4,543,183","$18,172,730",2029 UFA,nflverse 2026-07-25
Evan Engram,TE,DEN,DEN,32.0,9,2017,23,NYG,Mississippi,17,9,16,42,51,9,,0.827,history,4,2,5,Hamstring (4); Back (1),41.9,1,76,50,13.0,7,461,0,"$23,000,000","$11,500,000","$16,500,000",2027 Void,nflverse 2026-07-25
Fernando Mendoza,QB,LV,LV,,0,2026,1,LV,,,,,0,0,,,0.805,position base rate (no NFL history),0,0,,,,,,,,,,,"$57,270,598","$14,317,650","$57,270,598",2030 UFA,nflverse 2026-07-25
Garrett Wilson,WR,NYJ,NYJ,26.1,4,2022,10,NYJ,Ohio State,17,17,7,41,51,10,,0.815,history,2,3,8,Knee (4); Elbow (1),87.0,0,59,36,12.5,0,395,0,"$130,000,000","$32,500,000","$90,000,000",2031 Void,nflverse 2026-07-25
Geno Smith,QB,NYJ,NYJ,35.9,13,2013,39,NYJ,West Virginia,15,17,15,47,51,4,,0.892,history,2,3,2,Groin (2); right Elbow (1); Shoulder (1),96.5,41,0,0,,109,0,3025,"$3,300,000","$3,300,000","$3,300,000",2027 UFA,nflverse 2026-07-25
George Holani,RB,SEA,SEA,26.7,2,2024,,,Boise State,,3,10,13,34,21,,0.529,history,1,0,20,Hamstring (1),9.8,22,2,2,0.4,73,15,0,"$1,075,000","$1,075,000",$0,2027 ERFA,nflverse 2026-07-25
George Kittle,TE,SF,SF,32.9,9,2017,146,SF,Iowa,16,15,11,42,51,9,,0.827,history,0,8,9,Ankle (3); Hamstring (2); Groin (1),76.2,1,69,57,12.5,-3,628,0,"$76,400,000","$19,100,000","$35,000,000",2030 Void,nflverse 2026-07-25
George Pickens,WR,DAL,DAL,25.5,4,2022,52,PIT,Georgia,17,14,17,48,51,3,,0.918,history,2,1,1,Hamstring (3),81.1,0,137,93,22.6,0,1429,0,"$27,298,000","$27,298,000","$27,298,000",2027 UFA,nflverse 2026-07-25
Greg Dulcich,TE,MIA,MIA,26.5,4,2022,80,DEN,UCLA,2,4,9,15,51,36,,0.43,history,5,1,31,Hamstring (6),42.2,1,33,26,7.1,-7,335,0,"$3,250,000","$3,250,000","$2,910,000",2027 Void,nflverse 2026-07-25
Gunnar Helm,TE,TEN,TEN,24.0,1,2025,120,TEN,Texas,,,16,16,17,1,,0.889,history,1,1,0,Toe (2),52.6,0,55,44,10.4,0,357,0,"$5,172,908","$1,293,227","$972,908",2029 UFA,nflverse 2026-07-25
Harold Fannin Jr.,TE,CLE,CLE,22.1,1,2025,67,CLE,Bowling Green,,,16,16,17,1,,0.889,history,1,2,0,Groin (2); Hamstring (1),75.9,7,107,72,20.5,13,731,0,"$6,742,886","$1,685,722","$1,543,916",2029 UFA,nflverse 2026-07-25
Hunter Henry,TE,NE,NE,31.8,10,2016,35,SD,Arkansas,13,16,17,46,51,5,,0.886,history,1,4,4,Knee (3); Ankle (1); Foot (1),78.6,0,87,60,18.0,0,768,0,"$27,000,000","$9,000,000","$15,800,000",2027 UFA,nflverse 2026-07-25
Isaiah Likely,TE,NYG,NYG,26.4,4,2022,139,BAL,Coastal Carolina,14,15,12,41,51,10,,0.812,history,4,1,6,Foot (4); Hamstring (1),55.9,0,36,27,8.8,0,307,0,"$40,000,000","$13,333,333","$26,000,000",2029 UFA,nflverse 2026-07-25
Isiah Pacheco,RB,DET,DET,27.5,4,2022,251,KC,Rutgers,14,7,13,34,51,17,,0.706,history,8,4,9,Knee (3); Shoulder (2); Ankle (2),51.7,118,26,19,4.7,462,101,0,"$1,810,000","$1,810,000","$1,810,000",2027 UFA,nflverse 2026-07-25
J.K. Dobbins,RB,DEN,DEN,27.7,6,2020,55,BAL,Ohio State,1,13,10,24,51,27,,0.559,history,2,1,25,Knee (2); Foot (1),51.1,153,14,11,2.4,772,37,0,"$16,000,000","$8,000,000","$8,000,000",2028 UFA,nflverse 2026-07-25
Ja'Marr Chase,WR,CIN,CIN,26.5,5,2021,5,CIN,LSU,16,17,16,49,51,2,,0.933,history,1,4,1,Shoulder (2); Back (1); Not injury related - resting player (1),94.4,3,185,125,30.4,14,1412,0,"$161,000,000","$40,250,000","$109,800,000",2030 Void,nflverse 2026-07-25
Jacoby Brissett,QB,ARI,ARI,33.7,10,2016,91,NE,N.C. State; Florida,2,7,14,23,51,28,,0.539,history,0,1,28,Hamstring (1),85.7,38,0,0,,168,0,3366,"$12,500,000","$6,250,000","$8,000,000",2027 UFA,nflverse 2026-07-25
Jacory Croskey-Merritt,RB,WAS,WAS,25.4,1,2025,245,WAS,Arizona; New Mexico; Alabama State,,,17,17,17,0,,0.912,history,0,1,0,Knee (1),39.5,175,13,9,3.0,805,68,0,"$4,305,428","$1,076,357","$105,428",2029 UFA,nflverse 2026-07-25
Jadarian Price,RB,SEA,SEA,22.9,0,2026,32,SEA,Notre Dame,,,,0,0,,,0.823,position base rate (no NFL history),0,0,,,,,,,,,,,"$16,783,748","$4,195,937","$16,783,748",2030 UFA,nflverse 2026-07-25
Jahmyr Gibbs,RB,DET,DET,24.5,3,2023,12,DET,Alabama; Georgia Tech,15,17,17,49,51,2,,0.926,history,1,1,1,Hamstring (2),67.0,243,94,77,17.1,1223,616,0,"$17,845,138","$4,461,285","$17,845,138",2028 UFA,nflverse 2026-07-25
Jake Ferguson,TE,DAL,DAL,27.6,4,2022,129,DAL,Wisconsin,17,14,17,48,51,3,,0.915,history,2,2,1,Concussion (2); Knee (1); Calf (1),66.7,1,102,82,16.8,1,600,0,"$50,000,000","$12,500,000","$30,000,000",2030 Void,nflverse 2026-07-25
Jakobi Meyers,WR,JAC,JAX,29.8,7,2019,,,N.C. State,16,15,16,47,51,4,,0.903,history,1,5,3,Ankle (3); Concussion (1); Abdomen (1),85.6,5,110,75,22.3,13,835,0,"$60,000,000","$20,000,000","$40,000,000",2029 Void,nflverse 2026-07-25
Jalen Coker,WR,CAR,CAR,24.9,2,2024,,,Holy Cross,,11,11,22,34,12,,0.714,history,1,6,11,Quadricep (6); Foot (1),70.9,0,43,33,9.0,0,394,0,"$34,000,000","$11,333,333","$19,500,000",2030 UFA,nflverse 2026-07-25
Jalen Hurts,QB,PHI,PHI,28.1,6,2020,53,PHI,Oklahoma; Alabama,17,15,16,48,51,3,,0.907,history,2,0,1,Concussion (2),97.8,105,0,0,,421,0,3224,"$255,000,000","$51,000,000","$179,304,000",2029 Void,nflverse 2026-07-25
Jalen McMillan,WR,TB,TB,24.8,2,2024,92,TB,Washington,,13,4,17,34,17,,0.616,history,2,5,15,Hamstring (5); Neck (2),51.5,1,15,12,2.8,1,178,0,"$5,663,024","$1,415,756","$938,564",2028 UFA,nflverse 2026-07-25
Jalen Nailor,WR,LV,LV,27.5,4,2022,191,MIN,Michigan State,3,15,17,35,51,16,,0.727,history,4,3,12,Concussion (4); Hamstring (3),65.4,2,53,29,11.3,13,444,0,"$35,030,000","$11,676,667","$23,000,000",2029 UFA,nflverse 2026-07-25
James Cook,RB,BUF,BUF,27.0,4,2022,63,BUF,Georgia,17,16,17,50,51,1,,0.941,history,0,1,1,Toe (1),57.7,309,40,33,8.4,1621,291,0,"$46,000,000","$11,500,000","$30,000,000",2030 Void,nflverse 2026-07-25
Jameson Williams,WR,DET,DET,25.5,4,2022,12,DET,Alabama; Ohio State,12,15,17,44,51,7,,0.859,history,1,2,6,Ankle (2); not injury related - returning from suspension (1),90.2,6,102,65,18.5,12,1117,0,"$80,000,000","$26,666,667","$66,129,154",2030 Void,nflverse 2026-07-25
Jared Goff,QB,DET,DET,31.9,10,2016,1,LAR,California,17,17,17,51,51,0,,0.951,history,0,0,0,,98.5,19,0,0,,45,0,4564,"$212,000,000","$53,000,000","$170,611,832",2029 Void,nflverse 2026-07-25
Jauan Jennings,WR,MIN,MIN,29.2,6,2020,217,SF,Tennessee,13,15,15,43,51,8,,0.844,history,5,6,3,Ankle (4); Concussion (3); Hip (2),82.7,0,90,55,16.4,0,643,0,"$8,000,000","$8,000,000","$6,130,000",2027 UFA,nflverse 2026-07-25
Javonte Williams,RB,DAL,DAL,26.4,5,2021,35,DEN,North Carolina,16,17,16,49,51,2,,0.926,history,1,1,1,Quadricep (1); Shoulder (1),69.0,252,51,35,8.4,1201,137,0,"$24,000,000","$8,000,000","$16,000,000",2029 Void,nflverse 2026-07-25
Jaxon Smith-Njigba,WR,SEA,SEA,24.6,3,2023,20,SEA,Ohio State,17,17,17,51,51,0,,0.962,history,0,1,0,Illness (1),77.0,7,163,119,35.8,36,1793,0,"$168,600,000","$42,150,000","$120,067,996",2032 Void,nflverse 2026-07-25
Jaxson Dart,QB,NYG,NYG,23.3,1,2025,25,NYG,Mississippi; USC,,,14,14,17,3,,0.814,history,2,0,1,Concussion (2),83.6,86,0,0,,487,0,2272,"$16,977,942","$4,244,486","$16,977,942",2029 UFA,nflverse 2026-07-25
Jayden Daniels,QB,WAS,WAS,25.7,2,2024,2,WAS,LSU; Arizona State,,17,7,24,34,10,,0.739,history,10,1,0,Elbow (7); Knee (2); Rib (1),90.3,58,0,0,,278,0,1262,"$37,746,650","$9,436,663","$37,746,650",2028 UFA,nflverse 2026-07-25
Jayden Higgins,WR,HOU,HOU,23.7,1,2025,34,HOU,Iowa State; Eastern Kentucky,,,17,17,17,0,,0.924,history,0,0,0,,58.3,0,68,41,12.3,0,525,0,"$11,700,824","$2,925,206","$11,700,824",2029 UFA,nflverse 2026-07-25
Jayden Reed,WR,GB,GB,26.4,3,2023,50,GB,Michigan State; Western Michigan,16,17,5,38,51,13,,0.771,history,3,6,10,Foot (5); Chest (2); Toe (1),44.5,3,22,19,4.8,28,207,0,"$50,250,000","$16,750,000","$20,000,000",2030 UFA,nflverse 2026-07-25
Jaydon Blue,RB,DAL,DAL,22.7,1,2025,149,DAL,Texas,,,5,5,17,12,,0.559,history,0,0,12,,25.6,38,1,1,0.2,129,5,0,"$4,627,068","$1,156,767","$427,068",2029 UFA,nflverse 2026-07-25
Jaylen Waddle,WR,DEN,DEN,27.8,5,2021,6,MIA,Alabama,14,15,16,45,51,6,,0.874,history,1,7,5,Knee (3); Ankle (2); Concussion (1),77.6,2,100,64,21.6,28,910,8,"$84,750,000","$28,250,000","$76,000,000",2029 Void,nflverse 2026-07-25
Jaylen Warren,RB,PIT,PIT,27.9,4,2022,,,Oklahoma State,17,15,16,48,51,3,,0.912,history,2,3,1,Knee (3); Back (1); Not injury related - resting player (1),50.5,211,45,40,8.6,958,333,0,"$11,904,000","$5,952,000","$7,050,000",2028 UFA,nflverse 2026-07-25
Jaylen Wright,RB,MIA,MIA,23.4,2,2024,120,MIA,Tennessee,,13,9,22,34,12,,0.706,history,1,1,11,Knee (2),21.5,70,9,5,1.9,288,44,0,"$4,780,020","$1,195,005","$760,020",2028 UFA,nflverse 2026-07-25
Jeremiyah Love,RB,ARI,ARI,21.3,0,2026,3,ARI,Notre Dame,,,,0,0,,,0.823,position base rate (no NFL history),0,0,,,,,,,,,,,"$53,022,816","$13,255,704","$53,022,816",2030 UFA,nflverse 2026-07-25
Jerry Jeudy,WR,CLE,CLE,27.4,6,2020,15,DEN,Alabama,16,17,17,50,51,1,,0.947,history,0,2,1,Hamstring (1); Illness (1),84.5,1,106,50,20.3,5,602,0,"$52,500,000","$17,500,000","$41,000,000",2028 Void,nflverse 2026-07-25
Joe Burrow,QB,CIN,CIN,29.7,6,2020,1,CIN,LSU; Ohio State,10,17,8,35,51,16,,0.716,history,3,1,13,Toe (2); Calf (1); right Wrist (1),87.8,14,0,0,,41,0,1809,"$275,000,000","$55,000,000","$219,010,000",2030 Void,nflverse 2026-07-25
Jonathan Taylor,RB,IND,IND,27.6,6,2020,41,IND,Wisconsin,10,14,17,41,51,10,,0.809,history,6,1,4,Ankle (4); Thumb (3),82.6,323,55,46,10.4,1585,378,0,"$42,000,000","$14,000,000","$26,500,000",2027 UFA,nflverse 2026-07-25
Jonathon Brooks,RB,CAR,CAR,23.1,2,2024,46,CAR,Texas,,3,,3,17,14,2025,0.5,"history, 1 of 3 seasons (no stat line found for 2025)",1,4,13,Knee (5),,,,,,,,,"$8,417,082","$2,104,271","$6,240,268",2028 UFA,nflverse 2026-07-25
Jordan Addison,WR,MIN,MIN,24.6,3,2023,23,MIN,USC; Pittsburgh,17,15,14,46,51,5,,0.889,history,2,1,3,Ankle (3),85.1,2,79,42,16.9,81,610,0,"$13,731,736","$3,432,934","$13,731,736",2028 UFA,nflverse 2026-07-25
Jordan James,RB,SF,SF,22.4,1,2025,147,SF,Oregon,,,,0,0,,2025,0.823,position base rate (no NFL history),0,1,,Finger (1),5.6,,,,,,,,"$4,639,684","$1,159,921","$439,684",2029 UFA,nflverse 2026-07-25
Jordan Love,QB,GB,GB,27.9,6,2020,26,GB,Utah State,17,15,15,47,51,4,,0.892,history,1,4,3,Knee (3); Groin (1); Shoulder (1),94.6,47,0,0,,199,0,3381,"$220,000,000","$55,000,000","$160,300,000",2029 Void,nflverse 2026-07-25
Jordan Mason,RB,MIN,MIN,27.3,4,2022,,,Georgia Tech,16,12,16,44,51,7,,0.853,history,2,2,5,Ankle (2); Hamstring (1); Illness (1),42.8,159,16,14,3.4,758,51,0,"$10,500,000","$5,250,000","$7,230,000",2027 Void,nflverse 2026-07-25
Jordyn Tyson,WR,NO,NO,22.1,0,2026,8,NO,Arizona State; Colorado,,,,0,0,,,0.848,position base rate (no NFL history),0,0,,,,,,,,,,,"$32,491,822","$8,122,956","$32,491,822",2030 UFA,nflverse 2026-07-25
Josh Allen,QB,BUF,BUF,30.3,8,2018,7,BUF,Wyoming; Reedley,17,16,16,49,51,2,,0.922,history,0,0,2,,93.0,112,0,0,,579,0,3668,"$330,000,000","$55,000,000","$250,000,000",2031 Void,nflverse 2026-07-25
Josh Downs,WR,IND,IND,25.1,3,2023,79,IND,North Carolina,17,14,16,47,51,4,,0.903,history,3,6,1,Knee (2); Ankle (2); Toe (2),58.7,2,88,58,16.6,-2,566,0,"$5,520,456","$1,380,114","$1,014,876",2027 UFA,nflverse 2026-07-25
Josh Jacobs,RB,GB,GB,28.6,7,2019,24,OAK,Alabama,13,17,15,45,51,6,,0.868,history,1,8,5,Quadricep (4); Knee (3); Ankle (1),59.3,234,44,36,9.6,929,282,0,"$48,000,000","$12,000,000","$12,500,000",2028 UFA,nflverse 2026-07-25
Justice Hill,RB,BAL,BAL,28.8,7,2019,113,BAL,Oklahoma State,16,15,10,41,51,10,,0.809,history,5,2,5,Foot (3); Concussion (2); Toe (1),37.1,18,27,21,6.6,93,169,0,"$6,000,000","$3,000,000","$4,441,176",2027 UFA,nflverse 2026-07-25
Justin Herbert,QB,LAC,LAC,28.5,6,2020,6,LAC,Oregon,13,17,16,46,51,5,,0.878,history,0,3,5,Ankle (2); Hand (1),97.0,83,0,0,,498,0,3727,"$262,500,000","$52,500,000","$193,738,375",2030 UFA,nflverse 2026-07-25
Justin Jefferson,WR,MIN,MIN,27.2,6,2020,22,MIN,LSU,10,17,17,44,51,7,,0.859,history,0,4,7,Hamstring (3); Chest (1),94.2,2,141,84,30.1,7,1048,0,"$140,000,000","$35,000,000","$110,000,000",2029 Void,nflverse 2026-07-25
Juwan Johnson,TE,NO,NO,30.0,6,2020,,,Oregon; Penn State,13,15,17,45,51,6,,0.871,history,3,5,3,Calf (4); Quadricep (1); Chest (1),75.0,0,102,77,18.1,0,889,0,"$30,750,000","$10,250,000","$21,250,000",2028 Void,nflverse 2026-07-25
KC Concepcion,WR,CLE,CLE,22.0,0,2026,24,CLE,Texas A&M; N.C. State,,,,0,0,,,0.848,position base rate (no NFL history),0,0,,,,,,,,,,,"$19,748,428","$4,937,107","$19,748,428",2030 UFA,nflverse 2026-07-25
Kaleb Johnson,RB,PIT,PIT,23.1,1,2025,83,PIT,Iowa,,,10,10,17,7,,0.706,history,0,0,7,,9.1,28,2,1,0.4,69,9,0,"$6,372,062","$1,593,016","$1,274,228",2029 UFA,nflverse 2026-07-25
Keaton Mitchell,RB,LAC,LAC,24.6,3,2023,,,East Carolina,7,4,13,24,51,27,,0.559,history,1,6,26,Knee (3); Shoulder (2); Hamstring (2),17.5,59,12,9,2.9,341,63,0,"$9,250,000","$4,625,000","$5,000,000",2028 UFA,nflverse 2026-07-25
Kenneth Gainwell,RB,TB,TB,27.5,5,2021,150,PHI,Memphis,16,17,17,50,51,1,,0.941,history,1,0,0,Ribs (1),50.0,114,85,73,16.3,537,486,0,"$14,000,000","$7,000,000","$9,830,000",2028 UFA,nflverse 2026-07-25
Kenneth Walker,RB,KC,KC,25.9,4,2022,41,SEA,Michigan State; Wake Forest,15,11,17,43,51,8,,0.838,history,1,11,7,Oblique (5); Shoulder (2); Ankle (2),49.4,221,36,31,7.9,1027,282,0,"$43,050,000","$14,350,000","$28,700,000",2029 UFA,nflverse 2026-07-25
Keon Coleman,WR,BUF,BUF,23.3,2,2024,33,BUF,Florida State; Michigan State,,13,12,25,34,9,,0.773,history,2,2,7,Wrist (4),62.4,0,59,38,12.3,0,404,0,"$10,074,258","$2,518,565","$9,640,495",2028 UFA,nflverse 2026-07-25
Khalil Shakir,WR,BUF,BUF,26.6,4,2022,148,BUF,Boise State,16,15,16,47,51,4,,0.903,history,1,1,3,Ankle (2),60.6,1,95,72,19.8,5,719,0,"$53,000,000","$13,250,000","$31,800,000",2030 Void,nflverse 2026-07-25
Kimani Vidal,RB,LAC,LAC,25.0,2,2024,181,LAC,Troy,,9,13,22,34,12,,0.706,history,0,2,12,Neck (2),57.2,155,22,16,4.0,643,136,0,"$1,075,000","$1,075,000",$0,2027 RFA,nflverse 2026-07-25
Kyle Monangai,RB,CHI,CHI,24.3,1,2025,233,CHI,Rutgers,,,17,17,17,0,,0.912,history,0,0,0,,40.9,169,30,18,5.6,783,164,0,"$4,328,140","$1,082,035","$128,140",2029 UFA,nflverse 2026-07-25
Kyle Pitts,TE,ATL,ATL,25.9,5,2021,4,ATL,Florida,17,17,17,51,51,0,,0.959,history,0,2,0,Knee (2),88.0,0,118,88,22.7,0,928,0,"$53,000,000","$17,666,667","$36,000,000",2029 Void,nflverse 2026-07-25
Kyler Murray,QB,MIN,MIN,29.1,7,2019,1,ARI,Oklahoma; Texas A&M,8,17,5,30,51,21,,0.642,history,1,6,20,Knee (3); Foot (3); Illness (2),98.8,29,0,0,,173,0,962,"$1,300,000","$1,300,000",$0,2027 UFA,nflverse 2026-07-25
Kyren Williams,RB,LAR,LA,26.0,4,2022,164,LAR,Notre Dame,12,16,17,45,51,6,,0.868,history,1,3,5,Ankle (2); Coach's decision (1); Coach's Decision (1),66.9,259,50,36,8.6,1252,281,0,"$33,000,000","$11,000,000","$23,000,000",2029 UFA,nflverse 2026-07-25
Ladd McConkey,WR,LAC,LAC,24.8,2,2024,34,LAC,Georgia,,16,16,32,34,2,,0.91,history,0,5,2,Knee (2); Hips (1); Hip (1),78.1,0,106,66,19.5,0,789,0,"$9,995,186","$2,498,797","$9,185,943",2028 UFA,nflverse 2026-07-25
Lamar Jackson,QB,BAL,BAL,29.7,8,2018,32,BAL,Louisville,16,17,13,46,51,5,,0.878,history,4,1,1,Hamstring (3); Not injury related - resting player (1); Back (1),92.2,67,0,0,,349,0,2549,"$260,000,000","$52,000,000","$185,000,000",2028 Void,nflverse 2026-07-25
Luther Burden III,WR,CHI,CHI,22.7,1,2025,39,CHI,Missouri,,,15,15,17,2,,0.865,history,2,0,0,Concussion (1); Ankle (1),41.8,6,60,47,11.3,37,652,0,"$10,964,034","$2,741,009","$10,964,034",2029 UFA,nflverse 2026-07-25
Makai Lemon,WR,PHI,PHI,22.3,0,2026,20,PHI,USC,,,,0,0,,,0.848,position base rate (no NFL history),0,0,,,,,,,,,,,"$20,810,386","$5,202,597","$20,810,386",2030 UFA,nflverse 2026-07-25
Malik Nabers,WR,NYG,NYG,23.1,2,2024,6,NYG,LSU,,15,4,19,34,15,,0.655,history,2,3,13,Concussion (2); Groin (1); Hip (1),79.5,0,35,18,7.0,0,271,0,"$29,207,750","$7,301,938","$29,207,750",2028 UFA,nflverse 2026-07-25
Malik Willis,QB,MIA,MIA,27.3,4,2022,86,TEN,Liberty; Auburn,2,6,4,12,51,39,,0.378,history,0,2,39,Shoulder (2),42.2,22,0,0,,123,0,422,"$67,500,000","$22,500,000","$45,000,000",2029 Void,nflverse 2026-07-25
MarShawn Lloyd,RB,GB,GB,25.7,2,2024,88,GB,USC; South Carolina,,1,,1,17,16,2025,0.441,"history, 1 of 3 seasons (no stat line found for 2025)",4,2,12,Calf (3); Hamstring (2); Ankle (1),,,,,,,,,"$5,688,518","$1,422,130","$957,104",2028 RFA,nflverse 2026-07-25
Mark Andrews,TE,BAL,BAL,31.0,8,2018,86,BAL,Oklahoma,10,17,17,44,51,7,,0.856,history,1,2,6,Quadricep (2); Ankle (1),61.7,10,70,48,17.2,48,422,0,"$39,267,000","$13,089,000","$25,944,444",2029 UFA,nflverse 2026-07-25
Marvin Harrison Jr.,WR,ARI,ARI,24.1,2,2024,4,ARI,Ohio State,,17,12,29,34,5,,0.851,history,4,3,1,Heel (4); Illness (3),71.2,0,73,41,11.8,0,608,0,"$35,374,742","$8,843,686","$35,374,742",2028 UFA,nflverse 2026-07-25
Mason Taylor,TE,NYJ,NYJ,22.3,1,2025,42,NYJ,LSU,,,13,13,17,4,,0.801,history,4,2,0,Neck (4); Ankle (1); Quadricep (1),81.1,0,65,44,13.8,0,369,0,"$10,466,192","$2,616,548","$9,559,309",2029 UFA,nflverse 2026-07-25
Matthew Golden,WR,GB,GB,23.1,1,2025,23,GB,Texas; Houston,,,14,14,17,3,,0.836,history,0,6,3,Shoulder (3); Wrist (2); Hip (1),52.9,10,44,29,9.6,49,361,0,"$17,575,338","$4,393,835","$17,575,338",2029 UFA,nflverse 2026-07-25
Matthew Stafford,QB,LAR,LA,38.6,17,2009,1,DET,Georgia,15,16,17,48,51,3,,0.907,history,0,3,3,right Thumb (1); Coach's decision (1); Coach's Decision (1),98.8,29,0,0,,1,0,4707,"$55,000,000","$55,000,000","$90,000,000",2028 Void,nflverse 2026-07-25
Michael Mayer,TE,LV,LV,25.2,3,2023,35,LV,Notre Dame,13,11,13,37,51,14,,0.753,history,9,2,5,Not injury related - personal matter (4); Toe (3); Concussion (2),61.8,0,50,35,10.1,0,328,0,"$9,313,638","$2,328,410","$7,596,697",2027 UFA,nflverse 2026-07-25
Michael Pittman Jr.,WR,PIT,PIT,28.9,6,2020,34,IND,USC,16,16,17,49,51,2,,0.933,history,1,5,1,Back (4); Shoulder (1); Concussion (1),85.5,0,111,80,20.9,0,784,0,"$35,000,000","$17,500,000","$24,000,000",2029 UFA,nflverse 2026-07-25
Michael Wilson,WR,ARI,ARI,26.5,3,2023,94,ARI,Stanford,13,16,17,46,51,5,,0.889,history,2,5,3,Shoulder (5); Neck (1); Hamstring (1),81.4,0,126,78,20.4,0,1006,0,"$5,339,462","$1,334,866","$883,244",2027 UFA,nflverse 2026-07-25
Mike Evans,WR,SF,SF,33.1,12,2014,7,TB,Texas A&M,17,14,8,39,51,12,,0.786,history,7,3,5,Hamstring (8); Collarbone (2),65.6,0,62,30,11.5,0,368,0,"$42,500,000","$14,166,667","$16,300,000",2029 Void,nflverse 2026-07-25
Mike Gesicki,TE,CIN,CIN,30.9,8,2018,42,MIA,Penn State,15,16,12,43,51,8,,0.842,history,1,0,7,Pectoral (1),38.5,0,42,28,6.9,0,307,0,"$25,500,000","$8,500,000","$6,500,000",2028 UFA,nflverse 2026-07-25
Mike Washington Jr.,RB,LV,LV,23.2,0,2026,122,LV,Arkansas; New Mexico State; Buffalo,,,,0,0,,,0.823,position base rate (no NFL history),0,0,,,,,,,,,,,"$5,496,156","$1,374,039","$1,116,156",2030 UFA,nflverse 2026-07-25
Nico Collins,WR,HOU,HOU,27.5,5,2021,89,HOU,Michigan,15,12,15,42,51,9,,0.83,history,2,3,7,Calf (3); Hamstring (1); Concussion (1),75.9,2,120,71,21.7,15,1117,0,"$60,000,000","$30,000,000","$57,000,000",2028 Void,nflverse 2026-07-25
Omar Cooper Jr.,WR,NYJ,NYJ,22.7,0,2026,30,NYJ,Indiana,,,,0,0,,,0.848,position base rate (no NFL history),0,0,,,,,,,,,,,"$17,474,196","$4,368,549","$17,474,196",2030 UFA,nflverse 2026-07-25
Omarion Hampton,RB,LAC,LAC,23.5,1,2025,22,LAC,North Carolina,,,9,9,17,8,,0.676,history,2,1,6,Ankle (3),57.4,124,35,32,6.4,545,192,0,"$17,774,464","$4,443,616","$17,774,464",2029 UFA,nflverse 2026-07-25
Oronde Gadsden,TE,LAC,LAC,23.2,1,2025,165,LAC,Syracuse,,,15,15,17,2,,0.86,history,0,0,2,,61.5,0,69,49,12.7,0,664,0,"$4,574,036","$1,143,509","$374,036",2029 UFA,nflverse 2026-07-25
Parker Washington,WR,JAC,JAX,24.5,3,2023,185,JAX,Penn State,8,14,16,38,51,13,,0.771,history,1,3,12,Knee (2); Hip (2),61.9,7,95,58,17.4,0,847,0,"$4,032,264","$1,008,066","$192,264",2027 UFA,nflverse 2026-07-25
Pat Freiermuth,TE,PIT,PIT,27.9,5,2021,55,PIT,Penn State,11,17,15,43,51,8,,0.842,history,2,1,6,Hamstring (3),51.3,0,54,41,10.3,0,486,0,"$48,400,000","$12,100,000","$22,385,000",2029 UFA,nflverse 2026-07-25
Patrick Mahomes,QB,KC,KC,31.0,9,2017,10,KC,Texas Tech,16,16,14,46,51,5,,0.878,history,0,2,5,Ankle (2),97.4,64,1,1,0.2,422,-10,3587,"$448,000,000","$64,000,000","$182,800,000",2034 Void,nflverse 2026-07-25
Puka Nacua,WR,LAR,LA,25.3,3,2023,177,LAR,BYU; Washington,17,11,16,44,51,7,,0.859,history,1,7,6,Knee (3); Oblique (2); Hip (1),70.5,10,166,129,28.6,105,1715,0,"$4,084,980","$1,021,245","$244,980",2027 UFA,nflverse 2026-07-25
Quentin Johnston,WR,LAC,LAC,25.0,3,2023,21,LAC,TCU,17,15,13,45,51,6,,0.874,history,0,6,6,Ankle (2); Groin (2); Hamstring (1),76.9,2,84,51,15.4,7,735,0,"$14,188,786","$3,547,197","$14,188,786",2028 UFA,nflverse 2026-07-25
Quinshon Judkins,RB,CLE,CLE,22.9,1,2025,36,CLE,Ohio State; Mississippi,,,14,14,17,3,,0.823,history,0,1,3,Not injury related - personal matter (1),50.5,230,36,26,6.9,827,171,0,"$11,402,116","$2,850,529","$11,402,116",2029 UFA,nflverse 2026-07-25
RJ Harvey,RB,DEN,DEN,25.6,1,2025,60,DEN,UCF; Virginia,,,17,17,17,0,,0.912,history,0,0,0,,43.7,146,58,47,9.9,540,356,0,"$7,359,674","$1,839,919","$4,727,294",2029 UFA,nflverse 2026-07-25
Rachaad White,RB,WAS,WAS,27.7,4,2022,91,TB,Arizona State; Mt. San Antonio; Kearney State,17,15,17,49,51,2,,0.926,history,0,4,2,Foot (2); Knee (1); Illness (1),51.1,132,45,40,8.3,572,218,0,"$2,000,000","$2,000,000","$1,715,000",2027 UFA,nflverse 2026-07-25
Rashee Rice,WR,KC,KC,26.4,3,2023,55,KC,SMU,16,4,8,28,51,23,,0.624,history,2,0,21,Hamstring (1); Concussion (1),74.9,5,78,53,14.2,20,571,0,"$6,495,218","$1,623,805","$3,519,033",2027 UFA,nflverse 2026-07-25
Rashid Shaheed,WR,SEA,SEA,28.0,4,2022,,,Weber State,15,6,18,39,51,12,,0.786,history,2,2,10,Thigh (2); Knee (1); Hip (1),59.6,9,92,59,16.3,69,687,0,"$51,000,000","$17,000,000","$34,735,000",2029 Void,nflverse 2026-07-25
Rashod Bateman,WR,BAL,BAL,26.8,5,2021,27,BAL,Minnesota,15,16,13,44,51,7,,0.859,history,3,3,4,Ankle (3); Hamstring (1); Foot (1),69.3,0,38,19,9.3,0,224,0,"$36,750,000","$12,250,000","$20,000,000",2030 UFA,nflverse 2026-07-25
Ray Davis,RB,BUF,BUF,26.8,2,2024,128,BUF,Kentucky; Vanderbilt; Temple,,17,17,34,34,0,,0.941,history,0,1,0,Calf (1),16.3,58,13,10,2.7,275,86,0,"$4,733,188","$1,183,297","$713,188",2028 UFA,nflverse 2026-07-25
Rhamondre Stevenson,RB,NE,NE,28.5,5,2021,120,NE,Oklahoma; Cerritos College,12,15,14,41,51,10,,0.809,history,6,5,4,Toe (4); Ankle (3); Foot (2),61.8,130,37,32,7.7,603,345,0,"$36,000,000","$9,000,000","$17,116,000",2029 UFA,nflverse 2026-07-25
Ricky Pearsall,WR,SF,SF,26.0,2,2024,31,SF,Florida; Arizona State,,11,9,20,34,14,,0.675,history,7,4,7,Knee (10); Chest (1),77.3,2,53,36,9.6,-2,528,0,"$12,538,398","$3,134,600","$12,538,398",2028 UFA,nflverse 2026-07-25
Rico Dowdle,RB,PIT,PIT,28.2,6,2020,,,South Carolina,16,16,17,49,51,2,,0.926,history,1,3,1,Ankle (4),54.9,236,50,39,10.4,1076,297,0,"$12,250,000","$6,125,000","$5,000,000",2028 UFA,nflverse 2026-07-25
Rome Odunze,WR,CHI,CHI,24.3,2,2024,9,CHI,Washington,,17,12,29,34,5,,0.851,history,3,3,2,Foot (5); Knee (1),85.9,0,90,44,16.9,0,661,0,"$22,724,500","$5,681,125","$22,724,500",2028 UFA,nflverse 2026-07-25
Romeo Doubs,WR,NE,NE,26.4,4,2022,132,GB,Nevada,17,13,16,46,51,5,,0.889,history,2,3,3,Concussion (2); Hamstring (1); Not injury related - personal matter (1),77.3,0,85,55,18.5,0,724,0,"$68,000,000","$17,000,000","$39,000,000",2030 UFA,nflverse 2026-07-25
Sam Darnold,QB,SEA,SEA,29.3,8,2018,3,NYJ,USC,10,17,17,44,51,7,,0.848,history,0,0,7,,96.2,35,0,0,,95,0,4048,"$100,500,000","$33,500,000","$55,000,000",2028 Void,nflverse 2026-07-25
Sam LaPorta,TE,DET,DET,25.7,3,2023,34,DET,Iowa,17,16,9,42,51,9,,0.827,history,2,1,7,Calf (1); Shoulder (1); Back (1),90.7,0,49,40,8.9,0,489,0,"$9,465,998","$2,366,500","$7,825,179",2027 UFA,nflverse 2026-07-25
Samaje Perine,RB,CIN,CIN,31.0,9,2017,114,WAS,Oklahoma,17,17,15,49,51,2,,0.926,history,1,2,1,Ankle (2); Knee (1),35.1,84,21,17,3.5,382,87,0,"$3,600,000","$1,800,000","$400,000",2027 UFA,nflverse 2026-07-25
Saquon Barkley,RB,PHI,PHI,29.6,8,2018,2,NYG,Penn State,14,16,16,46,51,5,,0.882,history,1,4,4,Ankle (4); Not injury related - coach's decision (1),78.7,280,50,37,10.8,1140,273,0,"$41,200,000","$20,600,000","$36,000,000",2029 Void,nflverse 2026-07-25
Sean Tucker,RB,TB,TB,24.9,3,2023,,,Syracuse,3,17,17,37,51,14,,0.75,history,0,0,14,,15.8,86,11,8,2.0,320,34,0,"$3,520,000","$3,520,000",$0,2027 UFA,nflverse 2026-07-25
T.J. Hockenson,TE,MIN,MIN,29.2,7,2019,8,DET,Iowa,15,10,15,40,51,11,,0.798,history,3,3,8,Knee (3); Shoulder (2); Ribs (1),77.9,1,66,51,14.1,0,438,0,"$10,250,000","$10,250,000","$10,150,000",2027 Void,nflverse 2026-07-25
Tank Bigsby,RB,PHI,PHI,25.0,3,2023,88,JAX,Auburn,13,16,15,44,51,7,,0.853,history,1,2,6,Ankle (2); Shoulder (1),12.6,63,4,3,0.7,356,32,0,"$5,392,918","$1,348,230","$922,120",2027 UFA,nflverse 2026-07-25
Tee Higgins,WR,CIN,CIN,27.6,6,2020,33,CIN,Clemson,12,12,15,39,51,12,,0.786,history,5,11,7,Hamstring (6); Quadricep (3); Concussion (3),80.9,0,98,59,16.1,0,846,0,"$115,000,000","$28,750,000","$40,900,000",2029 UFA,nflverse 2026-07-25
Terrance Ferguson,TE,LAR,LA,23.5,1,2025,46,LAR,Oregon,,,11,11,17,6,,0.742,history,0,1,6,Hamstring (1),37.6,1,25,11,4.3,0,231,0,"$9,713,466","$2,428,367","$8,046,753",2029 UFA,nflverse 2026-07-25
Terry McLaurin,WR,WAS,WAS,31.0,7,2019,76,WAS,Ohio State,17,17,10,44,51,7,,0.859,history,7,0,0,Quadricep (7),70.4,0,60,38,13.9,0,582,0,"$87,000,000","$29,000,000","$50,000,000",2029 Void,nflverse 2026-07-25
Tetairoa McMillan,WR,CAR,CAR,23.4,1,2025,8,CAR,Arizona,,,17,17,17,0,,0.924,history,0,3,0,Calf (1); Hamstring (1); Illness (1),87.3,0,122,70,25.4,0,1014,0,"$27,930,390","$6,982,598","$27,930,390",2029 UFA,nflverse 2026-07-25
Tony Pollard,RB,TEN,TEN,29.4,7,2019,128,DAL,Memphis,17,16,17,50,51,1,,0.941,history,0,5,1,Ankle (4); Foot (1),62.5,242,41,33,7.7,1082,206,0,"$21,750,000","$7,250,000","$10,490,000",2027 UFA,nflverse 2026-07-25
Travis Etienne,RB,NO,NO,27.6,5,2021,25,JAX,Clemson,17,15,17,49,51,2,,0.926,history,0,5,2,Hamstring (3); Ribs (2),59.8,260,52,36,9.5,1107,292,0,"$48,000,000","$12,000,000","$28,000,000",2030 UFA,nflverse 2026-07-25
Travis Hunter,WR,JAC,JAX,23.3,1,2025,2,JAX,Colorado; Jackson State University,,,7,7,17,10,,0.63,history,1,0,9,Knee (1),66.3,1,45,28,8.2,0,298,0,"$46,649,112","$11,662,278","$46,649,112",2029 UFA,nflverse 2026-07-25
Travis Kelce,TE,KC,KC,36.9,13,2013,63,KC,Cincinnati,15,16,17,48,51,3,,0.915,history,0,4,3,Knee (2); Ankle (1); Coaching Decision (1),81.9,1,108,76,19.7,1,851,0,"$12,000,000","$12,000,000","$12,000,000",2027 Void,nflverse 2026-07-25
Tre Tucker,WR,LV,LV,25.5,3,2023,100,LV,Cincinnati,13,17,17,47,51,4,,0.903,history,0,0,4,,94.8,11,92,57,18.6,51,696,0,"$5,304,082","$1,326,021","$857,512",2027 UFA,nflverse 2026-07-25
TreVeyon Henderson,RB,NE,NE,23.9,1,2025,38,NE,Ohio State,,,17,17,17,0,,0.912,history,0,0,0,,43.0,180,42,35,8.7,911,221,0,"$11,143,260","$2,785,815","$11,143,260",2029 UFA,nflverse 2026-07-25
Trevor Lawrence,QB,JAC,JAX,26.9,5,2021,1,JAX,Clemson,16,10,17,43,51,8,,0.834,history,2,7,6,Left Shoulder (3); Knee (2); Ankle (2),96.9,82,0,0,,359,0,4007,"$275,000,000","$55,000,000","$200,000,000",2031 Void,nflverse 2026-07-25
Trey Benson,RB,ARI,ARI,24.1,2,2024,66,ARI,Florida State; Oregon,,12,4,16,34,18,,0.588,history,4,2,14,Knee (3); Ankle (2); Illness (1),48.2,29,16,13,2.6,160,64,0,"$6,059,606","$1,514,902","$1,226,984",2028 UFA,nflverse 2026-07-25
Trey McBride,TE,ARI,ARI,26.8,4,2022,55,ARI,Colorado State,17,16,17,50,51,1,,0.945,history,1,2,0,Groin (1); Concussion (1); Ribs (1),91.4,0,169,126,27.4,0,1239,0,"$76,000,000","$19,000,000","$43,000,000",2030 UFA,nflverse 2026-07-25
Tua Tagovailoa,QB,ATL,ATL,28.5,6,2020,5,MIA,Alabama,17,11,14,42,51,9,,0.819,history,0,3,9,Hip (2); Concussion (1),95.4,20,0,0,,43,0,2660,"$1,215,000","$1,215,000",$0,2027 UFA,nflverse 2026-07-25
Tucker Kraft,TE,GB,GB,25.8,3,2023,78,GB,South Dakota State,14,17,8,39,51,12,,0.783,history,0,2,12,Back (1); Knee (1),86.0,1,44,32,9.6,3,489,0,"$5,537,932","$1,384,483","$1,027,588",2027 UFA,nflverse 2026-07-25
Ty Johnson,RB,BUF,BUF,29.0,7,2019,186,DET,Maryland,9,17,17,43,51,8,,0.838,history,0,1,8,Shoulder (1),29.6,50,33,24,6.9,200,263,0,"$5,000,000","$2,500,000","$2,490,000",2027 UFA,nflverse 2026-07-25
Tyjae Spears,RB,TEN,TEN,25.2,3,2023,81,TEN,Tulane,17,12,13,42,51,9,,0.823,history,4,4,5,Hamstring (3); Concussion (3); Ankle (2),45.9,72,50,45,9.4,283,264,0,"$5,490,602","$1,372,651","$993,164",2027 UFA,nflverse 2026-07-25
Tyler Allgeier,RB,ARI,ARI,26.4,4,2022,151,ATL,BYU,17,17,17,51,51,0,,0.956,history,0,1,0,Hip (1),30.2,143,16,14,3.1,514,96,0,"$12,250,000","$6,125,000","$8,000,000",2028 UFA,nflverse 2026-07-25
Tyler Shough,QB,NO,NO,26.9,1,2025,40,NO,Louisville; Texas Tech; Oregon,,,11,11,17,6,,0.726,history,0,0,6,,83.5,45,0,0,,186,0,2384,"$10,804,728","$2,701,182","$10,804,728",2029 UFA,nflverse 2026-07-25
Tyler Warren,TE,IND,IND,24.3,1,2025,14,IND,Penn State,,,17,17,17,0,,0.919,history,0,2,0,Toe (1); Illness (1),83.8,6,112,76,21.1,8,817,0,"$20,960,650","$5,240,163","$20,960,650",2029 UFA,nflverse 2026-07-25
Tyrone Tracy Jr.,RB,NYG,NYG,26.8,2,2024,166,NYG,Purdue; Iowa,,17,15,32,34,2,,0.902,history,1,2,1,Shoulder (2); Ankle (1),54.5,176,48,36,9.5,740,288,0,"$4,306,352","$1,076,588","$286,352",2028 UFA,nflverse 2026-07-25
Wan'Dale Robinson,WR,TEN,TEN,25.7,4,2022,43,NYG,Kentucky,15,17,16,48,51,3,,0.918,history,1,5,2,Knee (3); Quadricep (1); Ankle (1),90.8,3,140,92,27.8,5,1014,0,"$70,000,000","$17,500,000","$38,000,000",2030 UFA,nflverse 2026-07-25
Woody Marks,RB,HOU,HOU,25.7,1,2025,116,HOU,USC; Mississippi State,,,16,16,17,1,,0.882,history,0,1,1,Ankle (1),53.5,196,36,24,6.5,703,208,0,"$5,203,768","$1,300,942","$1,003,768",2029 UFA,nflverse 2026-07-25
Xavier Worthy,WR,KC,KC,23.4,2,2024,28,KC,Texas,,16,14,30,34,4,,0.871,history,1,3,3,Shoulder (2); Ankle (1); Illness (1),70.6,11,73,42,13.3,87,532,0,"$13,790,264","$3,447,566","$13,790,264",2028 UFA,nflverse 2026-07-25
Zach Charbonnet,RB,SEA,SEA,25.7,3,2023,52,SEA,UCLA; Michigan,16,17,16,49,51,2,,0.926,history,0,4,2,Foot (2); Hamstring (1); Knee (1),46.4,184,24,20,5.3,730,144,0,"$6,876,078","$1,719,020","$3,813,333",2027 UFA,nflverse 2026-07-25
Zay Flowers,WR,BAL,BAL,26.0,3,2023,22,BAL,Boston College,16,17,17,50,51,1,,0.947,history,0,7,1,Calf (2); Shoulder (2); Hip (1),86.5,10,118,86,29.0,62,1211,0,"$14,036,440","$3,509,110","$14,036,440",2028 UFA,nflverse 2026-07-25
